time.Thu-16,time.Wed-15,time.Fri-0,time.Thu-23,time.Mon-17,time.Sun-11,time.Wed-11,time.Sat-10,time.Thu-13,time.Mon-2,time.Tue-7,time.Mon-19,time.Tue-4,time.Tue-2,time.Thu-0,time.Sat-6,time.Wed-3,time.Tue-23,time.Wed-22,time.Thu-17,time.Sat-23,time.Sat-4,time.Thu-14,time.Fri-15,time.Wed-5,time.Sat-0,time.Tue-13,time.Wed-20,time.Fri-16,time.Tue-18,time.Tue-17,time.Sat-9,time.Sat-3,time.Thu-7,time.Sun-21,time.Sat-16,time.Sat-19,time.Sat-5,time.Fri-10,time.Thu-21,time.Fri-5,time.Thu-8,time.Wed-19,time.Fri-4,time.Wed-18,time.Sun-3,time.Sun-16,time.Sun-1,time.Sun-17,time.Mon-1,time.Mon-7,time.Mon-22,time.Sat-1,time.Sun-0,time.Fri-8,time.Mon-13,time.Sat-15,time.Tue-1,time.Mon-23,time.Sat-7,time.Mon-15,time.Fri-12,time.Fri-11,time.Thu-22,time.Tue-3,time.Tue-5,time.Thu-18,time.Wed-1,business_id,time.Sun-4,time.Mon-0,time.Sat-22,time.Mon-16,time.Thu-20,time.Sun-6,time.Fri-18,time.Sat-18,time.Tue-15,time.Tue-19,time.Tue-20,time.Fri-7,time.Thu-9,time.Mon-12,time.Wed-23,time.Tue-6,time.Mon-21,time.Fri-6,time.Thu-6,time.Sun-13,time.Fri-20,time.Sun-8,time.Sun-12,time.Mon-8,time.Sun-23,time.Wed-16,time.Tue-8,time.Sun-9,time.Mon-4,time.Wed-9,time.Sat-2,time.Sat-12,time.Sun-2,time.Wed-17,time.Wed-6,time.Wed-7,time.Sat-8,time.Fri-1,time.Sat-11,time.Wed-21,time.Thu-3,time.Thu-11,time.Thu-2,time.Wed-10,time.Tue-9,time.Tue-12,time.Fri-3,time.Wed-13,time.Mon-20,time.Sun-20,time.Wed-4,time.Wed-0,time.Sun-10,time.Mon-9,time.Tue-10,time.Mon-18,time.Sun-19,time.Sun-15,time.Wed-8,time.Sat-14,time.Wed-14,time.Fri-19,time.Wed-12,time.Fri-2,time.Tue-14,time.Thu-12,time.Fri-9,time.Tue-11,time.Sat-21,time.Mon-6,time.Mon-11,time.Thu-1,time.Tue-22,time.Thu-10,time.Mon-10,time.Fri-23,time.Tue-16,time.Tue-21,time.Fri-17,time.Mon-3,time.Thu-4,time.Thu-15,time.Fri-22,time.Sun-22,time.Sun-5,time.Sat-13,time.Fri-13,time.Thu-19,time.Sat-20,time.Thu-5,time.Mon-14,time.Sun-7,time.Fri-21,time.Wed-2,time.Sat-17,time.Fri-14,time.Mon-5,time.Tue-0,time.Sun-14,time.Sun-18
1.0,,,3.0,,,,,,,,,,,,,,1.0,2.0,,3.0,1.0,,,,3.0,,,,,,,1.0,,1.0,1.0,3.0,,,1.0,,,,,,,,,2.0,2.0,,2.0,2.0,5.0,,,,,2.0,,1.0,,,1.0,,,,1.0,DGae0qGBtoE19egWaLYR4A,,,2.0,2.0,1.0,,,3.0,1.0,,,,,,,,,1.0,,,4.0,,,,1.0,1.0,,,,,1.0,,1.0,,,,,,,1.0,,,,,,,1.0,,1.0,2.0,,,,,,1.0,3.0,,,,,2.0,,,,,,,2.0,,,2.0,4.0,,,5.0,,,1.0,,,,4.0,1.0,,,,,1.0,,,,4.0,1.0,,,,1.0,,5.0
,,,1.0,,,,,,,,,,,,,,,,,,,,,,,,,,,,,,,,,,,,,,,1.0,,,,,2.0,2.0,,,,,,,,,,1.0,,,,,,,,,,Ti4NZ-c4iOUtQbp_n__E-w,,1.0,,,,,,,,,,,,,,,,,,,,,,,,,,,,,,,2.0,,,,,,,,,,,,,,1.0,,,,,,,,,,1.0,,,,,,,,,,,,1.0,,,,,,,,,,,,,,1.0,,,,,,,,,,,,,,,,,
,,,,,,,,,,,,,,,,,,,,,,,,,,,,,,,,,,,,,,,,,,,,,,,,,,,,,,,,,,,,,,,,,,,,lDXmdwB8PgnIhaKggN7Syw,,,,,1.0,,,1.0,,,,,,,,,,,,,,,,,,,,,,,,,,,,,,,,,,,,,,,,,,,,,,,,,,,,,,,,,,,,,,,,,,,,,,,,,,,,,,,,,,,,,,,,,,,,
,,,,,,,,,,,,,,,,,,,,,,,,,,,,,,,,,,,,,,,,,,,,,,,,,,,,,,,,,,,,,,,,,,,,GaQGUxhMwBZmK3O5s6Ymjw,,,,,,,,,,,,,,,,,,,,,,,,,,,,,,,,,,,,,,,,,,,,,,,1.0,,,,,,,,,,,,,,,,,,,,,,,,,,,,,,,,,,,,,,,,,,,,,,,,,,,,,1.0
,,,1.0,2.0,,,,,,,1.0,,,,,,,,1.0,,,,,,,,1.0,3.0,,1.0,,,,,,,,,,,,1.0,,,,,,,,,,,,,,,,,,,,,1.0,,,,,nuJbVf0KUcpMG3i3RtNd_A,,,,1.0,,,,,,,,,,,1.0,,,,,,1.0,,,,,,,,,,,,,,,,,,,,,,,,,,,,1.0,,,,,,,,,,,,,,,,,,,,,,,,,,,3.0,5.0,,3.0,,,,1.0,1.0,,,,1.0,,,,,,,1.0,,,,,
,,,,,,,,,,,,,,,,,,,,,,,,,,,,,,,,,,,,,,,,,,,,,,,,,,,,,,,,1.0,,,,,,,,,,,,xbOyPMuuayOfYOkzohNSXA,,,,,,,,,,,,,,,,,,,,,,,,,,,,,,,,,,,,,,,,,,,,,,,,,,,,,,,,,,,,,,,,,,,,,,,,,,,,,,,,,,,,,,,,,,,,,,,,,,,,
1.0,,,,,,,,,,,,,,,,,1.0,,2.0,,,,,,,,,,,,,,,,,,,,1.0,,,,,,,,,,,,,,,,,,,,,,,,,,,,,frFf4EIhssarn8us5HwVkQ,,,,,,,1.0,,,,,,,,,,,,,,,,,,,,,,,,,,,2.0,,,,,,,,,,,,,,,,,,,,,,,,,,,,,,,,,,,,,,,1.0,,,,,,,,,,,,,,,,,,,,,,,,,,,
,,,,,,,,,1.0,,,,,,,,1.0,,1.0,2.0,,,1.0,,1.0,,,,,,,,,5.0,4.0,,,,,,,,,,,,1.0,3.0,,,,1.0,1.0,,,,,1.0,,1.0,,,,,1.0,,1.0,e6UTwduDYz_h0U-TAX3dXQ,,1.0,,,1.0,,,1.0,,,,,,,,,1.0,,,1.0,1.0,,,,2.0,,,,,,1.0,,,1.0,,,,1.0,,,1.0,,,,,,1.0,,,2.0,1.0,1.0,,,,1.0,3.0,,,1.0,,,,,,,1.0,,1.0,,,,,,,1.0,1.0,,2.0,,,,,1.0,,,1.0,,1.0,,1.0,,1.0,,1.0,,,,,1.0
1.0,1.0,,4.0,1.0,,,,,,,,,,1.0,1.0,,,1.0,2.0,,,,,,,,2.0,,1.0,,,,,1.0,,,,,,,,,,,,2.0,,2.0,,,2.0,,,,,,,1.0,,,,,4.0,,,1.0,,q9ugnXqUutldixx2zGUVag,,2.0,1.0,1.0,,,,,1.0,2.0,1.0,,,,4.0,,1.0,,,,,,,,2.0,,,,,,,,,,,,,,,2.0,,,,,,,,,,,,1.0,,,,,,,,1.0,,,,1.0,1.0,,,,1.0,,,,2.0,,,5.0,2.0,,,,,1.0,6.0,,,,,,,,,,3.0,,1.0,,,1.0,,1.0
,,,1.0,,,,,,,,,,1.0,,,,,,,1.0,,,,,,,,2.0,,,,,,,,,,,1.0,,,,,,,,,,,,1.0,,,,,,,,,,,,1.0,,,,3.0,3BLCQLBwKU3glnfmTDjcdw,,,1.0,,,,,1.0,,,1.0,,,,,,,,,,1.0,,,,,,,,,,,,,,,,,2.0,,,,,,,,,,,,,,,,,,,,,,,,,,,,,,,,,,,,,,1.0,,1.0,,,,,,,,,,,,,,,1.0,,1.0,,,2.0,,
,,,,,,,,,,,,,,1.0,,,,,,,,1.0,1.0,,,,,1.0,,,,,,1.0,1.0,1.0,,,,,,,,,,2.0,,,,,2.0,1.0,,,,3.0,2.0,,,,,,,,,1.0,,-8PU0Z4Q2Nc-sY0eBj4DiQ,,,1.0,,,,,1.0,,,,,,,1.0,,1.0,,,,1.0,,1.0,,1.0,,,,,,,,,,,,,,,,,,,,,,,,,,,,,,,,1.0,1.0,,3.0,,1.0,,1.0,1.0,,,,1.0,,1.0,,1.0,,,,,,,,,,2.0,,,1.0,,,1.0,,,,3.0,,,2.0,,1.0,1.0,
3.0,1.0,14.0,5.0,3.0,,,,,7.0,2.0,8.0,5.0,12.0,11.0,,8.0,9.0,13.0,9.0,11.0,11.0,,2.0,,9.0,,12.0,6.0,5.0,6.0,,14.0,,17.0,,8.0,5.0,1.0,8.0,2.0,,7.0,7.0,8.0,16.0,1.0,16.0,8.0,12.0,,9.0,17.0,11.0,,,1.0,14.0,6.0,1.0,1.0,1.0,,5.0,7.0,2.0,9.0,6.0,oF2XS1nvcjnntEl7g8NltA,6.0,9.0,10.0,3.0,10.0,1.0,4.0,10.0,1.0,7.0,9.0,,,,15.0,,11.0,1.0,,,9.0,,,2.0,9.0,2.0,,,1.0,,12.0,1.0,14.0,9.0,1.0,1.0,,6.0,,10.0,13.0,,7.0,,,,14.0,,17.0,18.0,2.0,7.0,2.0,,,9.0,10.0,,,,,12.0,,12.0,,,,1.0,11.0,,,9.0,13.0,,,10.0,,10.0,7.0,6.0,5.0,,5.0,12.0,4.0,,1.0,16.0,22.0,2.0,,1.0,8.0,10.0,9.0,,1.0,7.0,,6.0
,,12.0,15.0,1.0,,,,,22.0,,3.0,,,17.0,,8.0,9.0,9.0,1.0,16.0,1.0,,,1.0,24.0,,19.0,,10.0,3.0,,8.0,1.0,32.0,,40.0,,,8.0,,,29.0,,17.0,12.0,,39.0,3.0,35.0,,,51.0,35.0,,,1.0,2.0,,1.0,,,,3.0,,,13.0,31.0,jIzygnVmajEXYmfsBNY_Gw,,22.0,23.0,1.0,21.0,,21.0,28.0,,32.0,25.0,,,,6.0,,,1.0,,1.0,20.0,,,,22.0,,,,2.0,,43.0,1.0,29.0,3.0,,,,21.0,,12.0,4.0,,27.0,,,,2.0,,3.0,31.0,1.0,17.0,,,,1.0,49.0,,,1.0,,21.0,,28.0,,,,,30.0,,,27.0,3.0,,,14.0,,13.0,,8.0,3.0,,17.0,23.0,,,,22.0,49.0,,,,12.0,18.0,3.0,,,1.0,,25.0
,2.0,1.0,1.0,3.0,,,,,,,1.0,,,3.0,,,1.0,,2.0,,,,,,3.0,,,1.0,2.0,,,,,2.0,1.0,2.0,,,1.0,,,1.0,,,,,2.0,1.0,,,4.0,,,,,,2.0,1.0,,,,,,,,1.0,1.0,QDCtlsSsBAmEzFs8E3V_aA,,3.0,1.0,4.0,,,3.0,3.0,,,3.0,,,,1.0,,1.0,,,,1.0,,,,1.0,2.0,,,,,,,1.0,3.0,,,,1.0,,1.0,,,,,,,,,1.0,2.0,,1.0,,,,1.0,,,,,,,,1.0,,,,,2.0,,,1.0,2.0,,,1.0,,2.0,3.0,,,,1.0,1.0,,,,1.0,2.0,,,,,2.0,1.0,,,2.0,,4.0
,,,,,,,,,,,1.0,,,,,,,,,2.0,,,,,,,,,,,,,,,,,,,,,,,,,,,,,,,,2.0,,,,,,,,,,,,,,,,fCdcxvZJjkwh7PbOOWUmJQ,,,1.0,4.0,,,,,,,,,,,,,,,,,,,,,1.0,1.0,,,,,1.0,,,,,,,,,,,,,,,,,,,,,,,,,,,,,,,,,,,,,,1.0,,,,,,,,,,,,,,,,,,,,1.0,,,,,,,,,,,
,,20.0,14.0,1.0,,,,,23.0,,23.0,2.0,17.0,18.0,,7.0,16.0,4.0,,30.0,7.0,,,,24.0,,26.0,2.0,9.0,,,25.0,,1.0,2.0,1.0,,,15.0,,,25.0,1.0,11.0,32.0,3.0,72.0,1.0,38.0,1.0,6.0,45.0,55.0,,,1.0,23.0,15.0,1.0,,,,10.0,16.0,,9.0,34.0,PyrcymoNDAJDm_Zn9yl-7A,10.0,33.0,3.0,,26.0,,10.0,2.0,,33.0,29.0,,,,12.0,1.0,18.0,,,,31.0,,,,22.0,,1.0,,3.0,,58.0,,70.0,1.0,,,,32.0,,10.0,8.0,,22.0,,,1.0,9.0,,14.0,1.0,2.0,26.0,,,,13.0,2.0,,1.0,,1.0,42.0,,28.0,,,,,3.0,,,40.0,9.0,,,5.0,,17.0,,16.0,5.0,,13.0,3.0,1.0,,,25.0,4.0,1.0,,1.0,16.0,35.0,2.0,,,23.0,,
,,,,,,,,,,,,,,,,,,,,,,,,,,,,1.0,,,,,,,,,,,,,,,,,,,,,,,,,,,,,,,,,,,,,,,,y8jIaTI-bTIa9K4KzM8_Xw,,,,,,,,,,,,,,,,,,,,,,,,,,,,,,,,,,,,,,,,,,,,,,,,,,,,,,,,,,,,,,,,1.0,,,,,,,,,,,,,,,,,,,,,,,,,,,,,,,1.0,,,,,
,,,1.0,1.0,,,,,,,,,,1.0,,,,,,,,,,,,,,,,,,,,,,,,,,,,,1.0,,,,,,,,,,,,,,,,,,,,,,,,,R-DCYO_bEIPskFvhNLfeAw,,,,,,,,,,,,,,,,,,,,,,,,,,1.0,,,,,,,,1.0,,,,,,1.0,,,,,,,,,,,,,,,,,,,,,,,,,,,,,1.0,,,,,,,,,,,,,,,,,,,,2.0,,,,,,,,,,,
1.0,,1.0,,,,,,,,,,,1.0,,,,,,,,,,,,1.0,,1.0,,,,,,,,,1.0,,,,,,,,,,,,,,,1.0,,,,,,,,,,,,1.0,,,,,LhbnPmr6aZG9xGZJ3dCiug,,1.0,1.0,,,,,,,,,,,,,,,,,,,,,,,,,,,,,,,,,,,,,,,,,,,,,,,,,,,,,,,,,,,,,,,,,,,,,,,,,,,,,,,,,1.0,,,,,,,,,,,,,,,,
,,,,,,,,,,,,,,1.0,,,,,,,,,,,,,,,,,,,,,,1.0,,,,,,,,,,,,,,,,,,,,,,,,,,,,,,,,nKbuoq0Kqdv0tSLFJhwFVQ,,,,,,,,,,,,,,,1.0,,,,,,,,,,,,,,,,,,,,,,,,,,,,,,,,,,,1.0,,,,,,,,,,,,,,,,,,,,,,,,,,1.0,,,,,,,1.0,,,,,,,,,,,,,,,2.0,,
,,,,,,,,,,,,,,,,1.0,,,,,,,,,1.0,,,,1.0,,,1.0,,,,,2.0,,,1.0,,,,,,,,,,,,1.0,1.0,,,,,,,,,,1.0,,,,1.0,pG_RQ81fzI16djPr8IbMwg,,,2.0,,,,,,,,,1.0,,,,,2.0,,,,,,,,,,,,,,,,,,,,,1.0,,,1.0,,1.0,,,,1.0,,,,,2.0,,,,,,,,,,,,3.0,,,,,,,,1.0,,,,,,,,1.0,1.0,,1.0,,,,,,1.0,1.0,,,,,,1.0,,,,1.0
,,,,1.0,,,,,,,,,,,,,,,,,,,,,,,,,,,,,,,,,,,,,,,,,,,,,,,,,,,,,,,,,,,,,,,,RKhasx1FzfmEiPRFkdRgfA,,,,,,,,,,,,,,,,,,,,,,,,,,,,,,,,,,,,,,,,1.0,,,,,,,,,,,,,,,,,,,,,,,,,,,,,,,,,,,,,,,,,,,,,,,,,,,,,,,,,,,,
,,,,,,,,,,,,,1.0,,,,,,,,,,,,,,,,,,,,,,,,,,,,,,,,,,,,,,,1.0,,,,,,,,,,,,,,,,cU_RxiJVwoWnKJ65Nmoqhw,,,,,,,,,,,,,,,,,,,,,,,,,,,,,,,,,,,,,,,,,,,,,,,,,,,,2.0,,,,,,,,,,,,,,,,,,,,,,,,,,,,,,,,,,,,,,,,,1.0,,,,,,,
,,1.0,,,,,,,,,,,,,,,,,,,,1.0,,,,,,,,,,,,,,,,,1.0,,,,,,,1.0,,1.0,,,,,,,,,,,,,,,,,,,,P6f8Lx9GNFds2pvJ7ITytQ,,,,,,,,,,,,,,,,,,,,,1.0,,,,,,,,,,,,,1.0,,,,,,,,,,,,,,,,,,,,,,,1.0,,,,,,,,,,,,,,,,1.0,,,,,,,,,,,,,,,,,,,,,,,,,,,
,,1.0,,,,,,,,,,,,2.0,,,,,,,,,,,,,,,,,,,,,,,,,,,,,,,,,,1.0,,,,,,,,,,,,,,,,,,,,kqbejhh7VmxuQkIb_EynuQ,,,1.0,1.0,,,,1.0,,,,,,,,,,,,,,,,,,,,,,,,,,,,,,,,1.0,,,,,,,,,,,,,,,,,,,,,,,,,1.0,,,,,,,,,,,,,,,,,,,1.0,,,,1.0,,,,,,,,,,1.0,,
,,,2.0,2.0,,,,,,,1.0,,,,,,3.0,1.0,,,,,,1.0,1.0,,1.0,,,,,1.0,,3.0,,,,,,1.0,,1.0,1.0,,,,,,1.0,,1.0,1.0,,,2.0,2.0,1.0,1.0,,1.0,,,,,1.0,,2.0,PJbwMeZctljcMfxVo2Qacw,,1.0,,2.0,1.0,,,,,,2.0,,,,,,2.0,,,,,,,,,,,,,,,,,1.0,,,,1.0,,2.0,,,,,,,1.0,,2.0,1.0,,2.0,,,,,,,,1.0,2.0,,1.0,,1.0,,,1.0,1.0,,,,1.0,,,2.0,,2.0,1.0,,,,,1.0,,,1.0,1.0,1.0,,,,3.0,1.0,2.0,1.0,1.0,,,
,,,,,,,,,,,,,,,,,,,,1.0,,,,,,,,,,,,,,,1.0,,,,,,,,,,,,,1.0,,,,,,,,,,,,,,,,,,,,Q-TjSg3lztpLAI7lsh2LOw,,,,,,,1.0,,,,1.0,,,,,,,,,,,,,,,,,,,,,,,,,,,,,1.0,,,,,,,,,,,,,,,,,,,,,,,,,,,,,1.0,,,,,,,1.0,,,,,,,,,,,,,,,,,,,,,,,,
,,,,,,,,,,,,,,,,,,,,,,,,,,,,,,,,,,,,,,,,,,,,,,,,,,,,,,,,,,,,,,,,,,,,smmLyq8f_YaxXPwZYriBvg,,,,,,,,,,,,,,,,,,,,,,,,,,1.0,,,,,,,,,,,,,,,,,,,,,,,,,,,,,,,,,,,1.0,,,,,1.0,,,,,,,,,,,,,,,,,,,,,,,,,,,,,,,,,,
1.0,,,,,,,,,,,1.0,,,2.0,,,,1.0,1.0,2.0,,,,,,,,1.0,1.0,1.0,,,,1.0,1.0,,,,2.0,,,,,2.0,,1.0,,,,,,1.0,,,,1.0,,1.0,1.0,,,,1.0,,1.0,1.0,,4JT8hmfMZCpAnk26CdbTSg,,,1.0,,3.0,,,2.0,,1.0,,,,,1.0,,2.0,,,,,,,,,1.0,,,,,,,,,,,,,,1.0,,,,,,,,,1.0,,,1.0,,,,,,1.0,,,,,,,,,,,1.0,,,1.0,1.0,,,,,1.0,2.0,,,,,1.0,,,,,,,,,,,1.0,,,1.0,,2.0
,,,1.0,,,,,,,,,,1.0,,,,,,,,,1.0,,,1.0,,,,,,,,,,,,1.0,,,,,,,,,,,,1.0,,2.0,,,,,,,,1.0,,,,2.0,,,,,q0WvnIBJnyDz-2MjSpZWlQ,,,,1.0,,,,,,2.0,,,,,,,,,,,,,,,,,,,,,1.0,1.0,1.0,,,1.0,,1.0,,1.0,,,,,,,,,,,,,1.0,,,1.0,3.0,,,,,,,,,,,,2.0,,,,,,,,,,,,,1.0,,,,1.0,,,,,,,1.0,1.0,,,,,,
,,,1.0,,,,,,3.0,,1.0,,,1.0,,,1.0,,,2.0,,,,,3.0,,1.0,,2.0,,,3.0,,4.0,3.0,1.0,,,1.0,,,1.0,,,1.0,,2.0,2.0,2.0,,3.0,1.0,3.0,,,,,2.0,,,,,,2.0,,,3.0,GC3sJ_gyPTUHyOrPQQTwTw,,2.0,,1.0,,,1.0,3.0,,1.0,3.0,,,,1.0,,1.0,,,,2.0,,,,,,,,1.0,,2.0,,,1.0,,,,1.0,,,1.0,,,,,,1.0,,2.0,5.0,,2.0,,,,1.0,3.0,4.0,,1.0,,1.0,,2.0,,,,,2.0,,,1.0,,,,2.0,,1.0,,1.0,1.0,,,3.0,,,,1.0,,,,,1.0,3.0,2.0,,,1.0,,2.0
,,1.0,,,,,,,,,,,,,,,,,,,,,,,,,,,,,,,,,1.0,,,,,,,,,,,,,,,,,,,,,,,,,,,,,,,,,hCxM2MH3cDaqozUDpydXZg,1.0,,,,,,,1.0,,,,,,,,,,,,,,,,,,,,,,,1.0,,,,,,,,,,,,,,,,1.0,,,,,,,,,1.0,,,,,1.0,,1.0,1.0,,,,,,,,,,,,,,,,,,,,,,,,,1.0,,,,,,,,,,,1.0
,,,,,,,,,,,,,,,,,1.0,,,,,,,,,,,,,1.0,,,,1.0,,,,,,,,,,,,,,,,,,,,,,,,,,,,,,,,,,OZL2XvGi5aXoX6Oynw7sJw,,,,,,,,,,,,,,,,,,,,,,,,,,,,,,,,,,,,,,,,,,,,,,,,,,,,,,,,,,,,,,,,,,,,,,,,,,,,,,,,,,,,,,,,,,,,,,,,,,,,
1.0,,1.0,1.0,,,,,,,,,,,,,,1.0,,,,,,,,,,,,,3.0,,,1.0,,,,1.0,,,1.0,,,,,1.0,,1.0,,,,,1.0,,,,,,,,,,,,,,,1.0,oqGdBzlnsWqRaOKR5NF3Og,1.0,,,,,2.0,,,,,,,,,1.0,,,,,,,,,,,1.0,,,,,,,,1.0,,,,,,,,,,,,,,,,,1.0,,,,,,,,,,,,,,,,,,,,,,,,,,2.0,1.0,1.0,,1.0,,,,,,,,,,,,,,,,,,,1.0
,,,,,,,,,,,2.0,,,,,,,,,,,,,,,,1.0,,,,,,,,,,,,,,,,,1.0,,,,,,,,2.0,,,,,,,,,,,,1.0,,,,O0T7V0MP9HLaLxLzaKFPgA,,,,,,,2.0,,,,1.0,,,,,,,,,,,,,,,,,,,,,,2.0,,,,,,,,,,,,,,,,,,,,,,,,,,,,,,,1.0,,,,,,,,,,,,,,,,,,,,,,,,,,,,,,,,,,,,
,,,,,,,,,,,,,,1.0,,,,1.0,,3.0,,,,,,,,,,,,,,2.0,,,,,,,,,1.0,,,,,,,,,,,,,,1.0,,,,,,1.0,,,1.0,,-AeZXaqxrLxxXEVH9KmK-g,,,1.0,,,,,2.0,,1.0,,,,,,,,,,,1.0,,,,,,,,,,2.0,,1.0,,,,,,,1.0,,,,,,,,,,,,1.0,,,,,1.0,,,,,1.0,,,,,,,,,,,,,,,,,,,,,,1.0,,,,,1.0,,,,,1.0,,,,,,2.0
,,,,,,,,,,,,,,,,,,,,,,,,,,,,,,,,,,,,,,,,,,,,,,1.0,,,,,,,,,,,,,,,,,,,,,,HlFF38VtLdf47oiBbHhtrA,,,,,1.0,,,,,,,,,,,,,,,,,,,,,,,,,,,,,,,,,,,,,,,,,,,,,,,,,,,,,,,,,,,,,,,,,,,,,,,,,,,,,,,,,,,,,,,,,,1.0,,,,,
,,,,,,,,,,,,,,,,,1.0,,,,,,,,,,,,,,,,,,,,,,,,,,,,,1.0,,,,,,,,,,,,,,,,,,,,,,ZsGv9pIrJrYxHm_kX1Nd7w,,,,,,,,,,,,,,,,,,,,,,,,,,,,,,,,,,,,,,,,,,,,,,,,,,,,,,,,,,,,,,,,,,,,,,,,,,,,,,,1.0,,,,,,,,,,,,,,,,1.0,,,,,
,,,,,,,,,,,,,,,,1.0,,,,1.0,,,,,,,,,,,,,,1.0,,1.0,,,,,,1.0,,,,,,,,,,,,,,,,2.0,,,,,,,,,,4iuFGkrZYnWZgOaxNantdw,,,,,,,1.0,,,,,,,,,,,,,,,,,,,,,,,,,,,,,,,1.0,,,,,,,,,,,3.0,,,,,,,,,,,,,,,,,,,,,,,,,,,,,,,,,,1.0,,,,,,1.0,,,,1.0,,,,,2.0,,
,,,,,,,,,,,,,,,,,,,1.0,,,,,,,,,,,,,,,,,,,,,,,,,,,,,,,,,,,,,,,,,,,,,,,,,VMijf1UdQs2S5CIMmJAiXw,,,,,,,,,,,,,,,,,,,,,,,,,,,,,,,,,,,,,,,,,,,,,,,,,,,,,,,,,,,,,,,,,,,,,,,,,,,,,,,,,,,,,,,,,,,,,,,,,,,,
5.0,1.0,2.0,1.0,4.0,1.0,,,,,1.0,6.0,,,,,1.0,1.0,,2.0,4.0,,3.0,2.0,,3.0,1.0,1.0,2.0,9.0,2.0,,1.0,,3.0,7.0,4.0,,,5.0,,,1.0,,2.0,,5.0,4.0,8.0,1.0,,2.0,4.0,3.0,,3.0,1.0,1.0,3.0,,5.0,2.0,,1.0,,,7.0,1.0,PEWy1KB1-wkQEbxiZBr6AA,,3.0,2.0,4.0,,,8.0,9.0,,3.0,3.0,,,1.0,2.0,,3.0,,,,1.0,,,,3.0,,,,,,1.0,1.0,3.0,2.0,,,,,,,,1.0,,,,2.0,,,4.0,4.0,,1.0,,,,5.0,5.0,2.0,,1.0,,5.0,,1.0,6.0,1.0,,,3.0,,,1.0,,,,4.0,,2.0,6.0,,,2.0,4.0,1.0,,,3.0,2.0,8.0,,2.0,,3.0,,4.0,,,1.0,3.0,7.0
3.0,,,,,,,,,1.0,,,,,1.0,,,1.0,,,1.0,,,,,3.0,,,2.0,,,,,,,2.0,1.0,1.0,,,,,,,,,,,,1.0,,,1.0,2.0,,,1.0,,1.0,,,,,1.0,,,,1.0,pPhuVbly0ZjyrhIhFazANA,,1.0,2.0,,,,,1.0,1.0,,,,,,,,1.0,,,,2.0,,,,1.0,1.0,,,,,,1.0,1.0,,,,,,,1.0,,,,,,,,,1.0,,,2.0,,,,1.0,,,,,,1.0,,1.0,,,,,2.0,,,,1.0,,,2.0,,1.0,1.0,,,1.0,1.0,1.0,,,,,,,,,,,,,,1.0,,
1.0,1.0,,,2.0,,,,,,,2.0,1.0,,,,,1.0,,3.0,,,,3.0,,,,,1.0,,4.0,,,,,,,,,2.0,,,2.0,,3.0,,,,,,,,,,,,,,,,,1.0,,,,,3.0,,zRPAUz1Y2pF9GAKyaGdBlw,,,,,3.0,,4.0,1.0,1.0,,1.0,,,1.0,,,,,,,1.0,,,,,2.0,,,,,,,,4.0,,,,,,2.0,,,,,,,,2.0,,2.0,,1.0,,,,2.0,1.0,,,,,2.0,,,1.0,,,,,,,,,,,,1.0,,2.0,,,1.0,,,,,,,,,2.0,,1.0,,,,,,,
,1.0,,,,,,,,,,,,1.0,,,,,,1.0,1.0,,,,,,1.0,1.0,,1.0,1.0,,,,1.0,,1.0,,,2.0,,,1.0,1.0,,,2.0,,1.0,,,1.0,,,,,,,,,,,,,,,,1.0,ZJxaagDiHF5qlmOHS56bwQ,,,,,2.0,,1.0,1.0,,4.0,2.0,,,,1.0,,,,,,,,,,,,,,,,,,,,,,,,,,,,,,,,,,,1.0,,1.0,,,,1.0,1.0,2.0,,,,1.0,,,,,,,,,,,1.0,,,,,,,,,,1.0,,,1.0,,,,,,,,,,,,,,4.0
,1.0,,,,,,,,1.0,,1.0,,1.0,1.0,,,,,,1.0,1.0,,,1.0,,,,,2.0,,,,,1.0,,,,,,,,1.0,,,,,,1.0,,,2.0,1.0,1.0,,,,2.0,1.0,,,,,,,,,,negmHffTWsRXc6oSf_upsA,1.0,2.0,1.0,1.0,1.0,,,,1.0,1.0,1.0,,,,1.0,,2.0,,,,,,,,,,,,1.0,,,,,,,,,1.0,,,,,,,,,,,2.0,,1.0,,,,,,3.0,,,,,2.0,,,,,,,,,,1.0,,,,,1.0,,1.0,,,,,,,,1.0,3.0,1.0,,,1.0,,,1.0,1.0,,,1.0,
1.0,,6.0,3.0,1.0,,,,,6.0,,3.0,1.0,14.0,2.0,1.0,7.0,2.0,,,1.0,6.0,,1.0,3.0,2.0,,4.0,1.0,2.0,,,8.0,1.0,1.0,2.0,5.0,7.0,,1.0,,1.0,3.0,2.0,,13.0,4.0,9.0,8.0,7.0,,5.0,12.0,6.0,1.0,,1.0,18.0,,2.0,1.0,,,1.0,7.0,,2.0,2.0,HGLMe4y0y_VsBkDLdpfBLA,18.0,6.0,3.0,,2.0,1.0,4.0,5.0,2.0,6.0,,,,,2.0,,3.0,1.0,,,3.0,,,,3.0,1.0,,,1.0,,22.0,,14.0,,1.0,,,9.0,,,6.0,,2.0,,,,1.0,,3.0,3.0,2.0,6.0,,,,1.0,11.0,,,1.0,,10.0,,13.0,,,,,4.0,,,7.0,,,,2.0,2.0,2.0,,2.0,2.0,1.0,1.0,5.0,1.0,,,2.0,9.0,,,1.0,4.0,9.0,,,1.0,8.0,,6.0
,,2.0,1.0,2.0,,,,2.0,2.0,,2.0,1.0,2.0,1.0,,4.0,1.0,5.0,1.0,1.0,2.0,2.0,,1.0,1.0,1.0,5.0,2.0,2.0,1.0,1.0,1.0,1.0,1.0,1.0,4.0,1.0,,2.0,6.0,1.0,7.0,3.0,2.0,1.0,1.0,2.0,1.0,4.0,,2.0,3.0,3.0,,,4.0,3.0,4.0,1.0,3.0,,,2.0,,2.0,,3.0,n33Izvzk_z9_51H6NsQF-A,1.0,4.0,3.0,2.0,2.0,2.0,4.0,2.0,1.0,3.0,3.0,,,,2.0,3.0,3.0,1.0,1.0,,4.0,1.0,,,3.0,2.0,,1.0,3.0,,4.0,,4.0,1.0,1.0,1.0,,1.0,,2.0,4.0,,1.0,,,,,,6.0,6.0,,4.0,,,1.0,,6.0,1.0,,1.0,3.0,5.0,,,2.0,1.0,,,4.0,1.0,,2.0,1.0,,,2.0,,3.0,4.0,2.0,1.0,1.0,5.0,3.0,3.0,,,3.0,6.0,1.0,1.0,,2.0,2.0,2.0,1.0,,7.0,1.0,1.0
,,,,,,,,,,,,,,,,,,,,,,,,,,,,,,,,,,,,1.0,,,,,,,,,,,,,,,,,,,,,,,,,,,,,,,,PTj5DcDtjulS_qZhUgCdVg,,,,,,,,,,,,,,,,,,,,,,,,,,,,,,,,,,,,,,,,,,,,,,,,,,,,,,,,,,,,,,,,,,,,,1.0,,,,,,,,,,,,,,,,,,,,,,,,,,1.0,,,,,
,,1.0,2.0,,,,,,,,1.0,,,2.0,,,,,,,,1.0,,,1.0,,,,,,,1.0,,,,,1.0,,,,,,,,3.0,,,,3.0,,,6.0,2.0,,,,1.0,,,,,,,1.0,,2.0,1.0,ZncHhvcg6lolKEeeNxHoqw,1.0,5.0,1.0,,,,,,,,,,,,1.0,,,,,,,,,,2.0,,,1.0,,,11.0,1.0,3.0,,,,,2.0,,,1.0,,2.0,,,,2.0,,,,,,,,,,1.0,,,,,,,,,,,,,,,1.0,,,,,,,,1.0,,,,,,,,,,,,,,1.0,,,,1.0,,
1.0,3.0,1.0,3.0,1.0,,,1.0,2.0,2.0,,,,2.0,4.0,1.0,1.0,7.0,2.0,1.0,2.0,,1.0,1.0,,1.0,1.0,2.0,2.0,,3.0,,1.0,,1.0,1.0,2.0,,,1.0,1.0,,1.0,,1.0,,,1.0,,1.0,2.0,3.0,1.0,1.0,2.0,2.0,1.0,5.0,4.0,,1.0,1.0,1.0,,2.0,,,2.0,bx7yW7AECQV9yd0jJi6RUA,1.0,2.0,1.0,1.0,1.0,,1.0,1.0,6.0,,,5.0,1.0,,3.0,,1.0,,,,2.0,1.0,,2.0,1.0,1.0,,,,,1.0,,,1.0,,,,1.0,1.0,,1.0,,,,,2.0,3.0,1.0,1.0,,1.0,4.0,,,,3.0,,,,4.0,4.0,,2.0,1.0,2.0,2.0,,,,,1.0,1.0,1.0,,,,,1.0,1.0,,,5.0,,2.0,,,3.0,,2.0,1.0,1.0,,,1.0,2.0,2.0,,1.0,1.0,
1.0,,,,,,,,,,,,,,,,,,,1.0,2.0,,,,,,,,,,,,,,,1.0,,,,,,,,,,,,,,,,,,,,,,,,,,,,,,,,,6iJLEBwnPUvhPXs-HtAhuA,,,,,,,2.0,,,,,,,,,,1.0,,,,,,,,,,,,,,,,,,,,,,,,1.0,,,,,,,,,,,,,,,,1.0,,,,,,,,,,,,,,,,,,,,,1.0,1.0,,,,,,,,,,,,,,,,,,,,,
,,,,,,,,,,,,,,,,,,,,,,,,,,,,,,,,,,,,,,,1.0,,,,,,,,,,,,,,,,,,,,,,,,,,,,,ikubvyZFO0kxhA56RETzIg,,,,,1.0,,,,,,,,,,,,,,,,,,,,,1.0,,,,,,,,,,,,,,,,,,,,,,1.0,,,,,,,,,,,,,,,,,,,,,,,,,,,,,,,,,,1.0,,,,,,,,,,,,,,,,,,
,,,,,,,,,,,,,,,,,,,,,,,,,,,,,,,,,,,,,,,,,,,,,,,,,,,,,,,,,,,,,,,,,,1.0,,vAUw1HUj6nQZRTpPJrYDkQ,,,,,,,,,,,,,,,,,,,,,,,,,,,,,,,,,,,,,,,,,,,,,,,,,,,,,,,,,,,,,,,,,,,,,,,,,,,,,,,,,,1.0,,,,,,,,,,,,,,,,,,
,,,,,,,,,,,2.0,,,,,,,,,,,,,,1.0,,,,,,,,,,,,,,,,,,,,,,,,,,,,,,,,,,,,,,,,,,,gzSHAchCSdHrIRAfYwniwA,,,,1.0,,,,,,,,,,,,,,,,,,,,,1.0,,,,,,,,,,,,,,,1.0,,,,,,,,,,,,,,,,,,,,,,,,,,,,,,,,,,,,,,,,,,2.0,,,,,,,,,,,1.0,,,,,,,
,,,,,,,,,,,,,,,,,,,,,,,,,,,,1.0,,,,,,,,,,,,,,,,,,,,,,,,,,,,,1.0,,,,,,,1.0,,,,K6gPunsSg2dA2z1PqstJgg,,,,,,,,1.0,,,,,,,,,,,,,,,,,,,,,,,,,,,,,,,,,,,,,,,,,,,,,,,,,,,,,,,,,,,,,,,,,,,,,,,,,,,,,,,,,,,,,,,,,,1.0,,
,,,,,,,,,,,,,,,,,,,,,,,,,1.0,,,1.0,,,,,,1.0,1.0,,,,,,,,,,1.0,,,3.0,1.0,,1.0,,,,,,,,,,,,,,,,,75gUQWJM6KksjJW7aHPsBQ,,,,,2.0,,1.0,3.0,,,1.0,,,,,,,,,,,,,,,,,,,,,,,1.0,,,,,,2.0,,,,,,,,,,1.0,,,,,,,1.0,,,2.0,,,,,,,,,,,,,1.0,,,1.0,,1.0,,,,,,,,,,1.0,4.0,,,,,,1.0,,,,,3.0
,,,,,,,,2.0,,,,1.0,1.0,1.0,,,,,,,,,,,,1.0,,,,,,,,,1.0,,,,,,,,,,,1.0,,,,2.0,,1.0,,,1.0,,,,,,1.0,1.0,,,,,,pbDYf-a1ZNbpk5B4AkyYuw,,,,1.0,,,,1.0,,,,,,1.0,1.0,,,,1.0,,,,,,,,1.0,,,,,,,,,,,,,,,1.0,,1.0,1.0,1.0,,,1.0,,,1.0,1.0,2.0,,,,,1.0,,,1.0,,1.0,,,,1.0,1.0,,,,,,,,,,,,1.0,,,,,,2.0,,,,1.0,,,,1.0,,,1.0,1.0,
,,,1.0,,,,,,1.0,,1.0,1.0,,,,,,1.0,,,1.0,,2.0,,1.0,,2.0,1.0,2.0,,,1.0,,,,,,,,,,,,2.0,,,,,,1.0,,,,,,,,,1.0,,,,,,,,1.0,OHKHYMQoiGSRqim-USCadg,,,,,,,,,2.0,,1.0,,,,,,3.0,,,,,,,,,,,,1.0,,,,,,,,,,,1.0,,,1.0,,,,1.0,,,,,,,,,1.0,,,,1.0,,,,,,,,,,,,,,,,1.0,,,,,,,,,,,,,,,,,,,,,,,,1.0
,,1.0,,1.0,,,,,,,2.0,,,,,,,,,2.0,,,,,8.0,,2.0,,,,,1.0,,,,,,,3.0,,,3.0,,1.0,,,,,,,2.0,4.0,1.0,,,,1.0,1.0,,,,,,,,,,FrnVtJzAmr6pgzO0wRxJdA,,1.0,2.0,,,,1.0,2.0,,2.0,1.0,1.0,,,,,,,,,2.0,,,,1.0,,,,,,1.0,,1.0,,,,,,,,,,1.0,,,,,,5.0,2.0,,,,,,,1.0,,,,,3.0,,,,,,,1.0,,,1.0,,,,2.0,,1.0,,,,,,,,,,3.0,2.0,,,,,2.0,,,,,,
,,,,,,,,,,,,,,,,,,,,,,,,,,,,,,,,,,1.0,,,,,,,,,,,,,,,,,,,,,,,1.0,,,,,,,,,,,5M0QCGTkyTOoj52Hnf_DJA,,,,,,,,,,,,,,,,,,,,,,,,,,,,,,,,,,,,,,1.0,,,,,,,,,,,,,,,,,,,,,,,,,,,,,,,,,,,,,,,,,,,,,,,,,,,,,,,,1.0,,,,,,
,,1.0,,,,,,,,,,,,,,,,,1.0,,,,,,,,,,,,,,,,,,,,,,,,,,,,,,,,,,,,,,,,,,,,,,,,,2Y1qD1aTW5GywC9T6bNmoA,,,,,,,,,,,,,,,,,,,,,,,,,,,,,,,,,,,,,,,,,,,,,,,,,1.0,,,,,,,,,,,,,,,,,,,,,,,,1.0,,,,,,,,,,,,,,,,,,,,,,,,,,,
1.0,1.0,1.0,,1.0,,,,,,,1.0,,1.0,,,,1.0,1.0,,,,,4.0,,2.0,1.0,,1.0,,2.0,,,,1.0,2.0,1.0,,,,,,1.0,,,,5.0,,5.0,,,,1.0,,,1.0,8.0,,,,4.0,,,,,,2.0,,BAe0ldMGmZrf7LHXAlD7IA,,,,,,,,1.0,,1.0,,,,,4.0,,,,,,,,,,1.0,,,,,,,2.0,1.0,,,,,1.0,,2.0,,,,,,,,,,,,,,,,1.0,,4.0,,7.0,,,,,1.0,,,,1.0,,1.0,,,,,4.0,,1.0,1.0,,,,,1.0,,2.0,4.0,,,,1.0,,,,1.0,,,1.0,2.0,
,,,,,,,,,,,,,,,,,,,,,,,,,,,,,,,,,,,,,,,,,,,,,,,,,,,,,,,,,,,,,,,,,,,,gHnLa_Y6QuyBZiPQKolvIg,,,,,,,,,,,,,,,,,,,,,,,,,,,,,,,,,,,,,,,,,,,,,,,,,,,,,,,,,,,,,,,,,,,,,,,,1.0,1.0,,,,,,,,,,,,,,,,1.0,,,,,,,,,,,1.0
,1.0,,,2.0,,,,,,,,,,,,,,,,,,,,,,,,,,,,,,,,,,,,,,,,,,,,1.0,1.0,,,,,,,,,,,,,,,,,,,N6HvXOmMjOzRY8eWwr3baw,,1.0,,,,,,,,,,1.0,,,,,,,,,,,,,,,,,,,,,,,,,,,,1.0,,,,,,,,,,,,,,,,,,,,,,,,,1.0,,,,,,,,,,,1.0,,,,,,,,,,,,,,1.0,,,,1.0,,,,,,
,,5.0,3.0,,,,,,8.0,,3.0,1.0,6.0,4.0,3.0,3.0,4.0,1.0,1.0,10.0,7.0,,,,10.0,,1.0,,4.0,,,16.0,,4.0,,8.0,10.0,,,1.0,,6.0,1.0,1.0,11.0,,8.0,,14.0,,2.0,15.0,14.0,,,,6.0,2.0,4.0,1.0,,,3.0,6.0,,2.0,5.0,zOvZaiuzxUBzQE0Uecg-aw,11.0,6.0,8.0,,7.0,15.0,1.0,2.0,,5.0,4.0,,,,5.0,,3.0,,,,6.0,,,1.0,7.0,,,,2.0,,16.0,,23.0,,,1.0,1.0,7.0,,2.0,5.0,,6.0,,,,9.0,,3.0,8.0,3.0,9.0,,,,1.0,4.0,,,,1.0,4.0,,8.0,1.0,,,,7.0,,,14.0,2.0,,,6.0,,3.0,,4.0,1.0,,4.0,8.0,7.0,,,4.0,7.0,,,3.0,5.0,6.0,,,,7.0,,1.0
,,,,,,,,,,,,,,,,,,,,,1.0,,,,,,,,,,,,,,,,,,,,,,,,,,,,,,,,1.0,,,,1.0,,,,,,,,,,,_f5YHEXgDBBOBbRSKx33YA,3.0,,,,,,,,,,,,,,,,,,,,,,,,,,,,,,2.0,,,,,,,,,,,,,,,,,,,,,,,,,,,,,,,,,,,,,,,,,,,,,,,,,,,,,,1.0,,,,,,,,,,,,,,,
,,,,,,,,,4.0,,1.0,2.0,2.0,,4.0,,,,,,2.0,,,,1.0,,,,,,,,1.0,,,,,,,1.0,1.0,,2.0,,1.0,,,,1.0,,,,1.0,,,,3.0,,,,,,,2.0,1.0,1.0,,N3zuaqGESF5iZsi_md9c1Q,2.0,2.0,,,,,,,,,1.0,2.0,,,,2.0,,3.0,2.0,1.0,,,,,,,,,7.0,,4.0,,1.0,,,,,,,,,,1.0,,,,,,,,,,,,,,,,,,,,,1.0,,,,,,1.0,,1.0,,,,,,,,1.0,1.0,,,,1.0,,,,,2.0,,,,1.0,,,,,,
,,,,1.0,,,,,,,,,,,,,,,,,,,,,,,,,,,,,,,,1.0,,,,,,,,,,,1.0,,,,,,3.0,,,,,,,,,,,,,,,XP_dDdKynnK8J3kIei_heQ,,,,,,,,,,1.0,,,,,,,1.0,,,,,,,,,,,,,,,,,,,,,1.0,,,,,,,,,,,,,,,,,,1.0,1.0,,,,,,,,,,,,,,,1.0,,,,,,,,,,,,,,,,,,,,,,,,,,,,
,,,,,,,,,,,,,,,,,,,,,,,,,,,,,,,,,,1.0,,,,,,,,,,,,,,,,,,,,,,,,,1.0,,,,,,,,,Cml4Yt5cTx64cOManHe-Gw,,,,,,,,,,,,,,,,,,,,,,,,,,,,,,,,,,,,,,,,,,,,,,,,,,,,,,,,,,,,,,,,,,,,,,,,,,,,,,,,,,,,,,,,,,,,,,,,,1.0,1.0,,
,,,,,1.0,,2.0,,,1.0,1.0,,,,,,,,,,,,,,,,,,,,,,,,,,,,,,,,,,,,,,,1.0,,,,,2.0,,,,,1.0,,,,,,,,WPQQDhz_W398xk06AVLpbg,,,,1.0,,,,,,2.0,,,,1.0,,,,,,,1.0,,,1.0,,1.0,,1.0,,,,,,,,,1.0,,,1.0,,,,,,,1.0,,1.0,,,,1.0,,,,1.0,,,2.0,,1.0,2.0,,,,,,,1.0,,,,,,,,,1.0,,,,,,,,,,,,,,1.0,,,,,,,
,,,,,,,,,,,,,,,,1.0,,,,,,,,,,,,,,,,,,,,,,,,,,,,,,,,,,,,1.0,,,,,,,,,,,,1.0,,,1.0,STxGlmGPf-qr0hKZwfFSOA,,,,,,,,,,,,,,,,,,,,,,,,,,,,,,,,,,,,,,,,,,,,,,,,1.0,,,,,,,,,,,,,,,,,,,,,,,,1.0,,,,,,,,,,,,,,,,,,,,,,,,,,,,
,,1.0,,1.0,,1.0,,,1.0,,1.0,2.0,,2.0,,2.0,,1.0,,1.0,,1.0,,1.0,,1.0,2.0,,,,,1.0,,2.0,,,2.0,1.0,1.0,,,,,,,,,,,,1.0,,,,,,3.0,1.0,,,1.0,,3.0,1.0,1.0,,2.0,zhFA_KirfvfpagABC6bZ2Q,2.0,1.0,,,1.0,,,,,1.0,,,,,1.0,,2.0,,,1.0,,,1.0,,,,,,1.0,,,,1.0,,,,1.0,,,1.0,1.0,1.0,2.0,,,5.0,1.0,3.0,,,1.0,3.0,,,,,,,,,1.0,,4.0,4.0,2.0,5.0,,2.0,1.0,1.0,1.0,4.0,1.0,,,1.0,,1.0,1.0,1.0,1.0,,,1.0,1.0,1.0,9.0,,,,,,,1.0,,,1.0,1.0,2.0,
8.0,2.0,9.0,4.0,6.0,,,,,,,,,2.0,7.0,,,5.0,10.0,,12.0,,,1.0,,10.0,,,9.0,2.0,5.0,,1.0,,2.0,,1.0,,,3.0,,,1.0,,1.0,4.0,2.0,10.0,3.0,1.0,,4.0,7.0,2.0,,,,2.0,8.0,,4.0,,,1.0,,,2.0,3.0,nDZWoEznY5-oSCc2HvoMtA,,4.0,10.0,6.0,1.0,,5.0,2.0,2.0,2.0,,,,,9.0,,1.0,,,1.0,1.0,,,,7.0,5.0,,,,,3.0,,4.0,4.0,,,,4.0,,1.0,,,3.0,,,,,,,2.0,,9.0,,,,1.0,1.0,,,,,1.0,,2.0,,,,,4.0,,,3.0,6.0,,,7.0,5.0,4.0,3.0,,,1.0,4.0,7.0,,,,1.0,1.0,,,,,2.0,4.0,,,2.0,,4.0
,,,,,,,,,,,,,,,,,,,,,,,,,,,,,1.0,,,,,,,,,,,,,,,,,,1.0,,,,,,,,,,,,,,,,,,,,,sMjp-FVZ8a3ymXUTtiZ7pQ,,,,,,,,,1.0,,,,,,,,,,,,,,,,,,,,,,,,,,,,,,,,,,,,,,,,,,,,,,,,,,,,,,,,,,,,,,,,,,,,,,,,,,,,,,,,,,,,,,,,,,,
,,,,,,,,,,,,,,,,,,,,,,,,1.0,,,,,1.0,,,,,,,,,,,,,,,1.0,,,,,,,,,,,,,,,,,,,,,,1.0,,h8m4WRcH4TgMFNFfAkfypg,,,,,,,1.0,,,,,,,,,,,,,,1.0,,,,,,,,,,,,,,,,,,,,,,,,,,,,,,,,,,,,,,,,,,,,,,,,1.0,,,,,,,,,,,,,,,,,,,,2.0,,,,1.0,,1.0,,,,,
12.0,5.0,21.0,21.0,16.0,,,,,8.0,,7.0,,4.0,19.0,6.0,2.0,20.0,21.0,15.0,29.0,18.0,,3.0,,30.0,,,19.0,4.0,10.0,,11.0,,20.0,14.0,19.0,4.0,,5.0,,,5.0,2.0,18.0,20.0,14.0,24.0,29.0,10.0,,12.0,27.0,30.0,,,11.0,14.0,15.0,5.0,8.0,,1.0,13.0,5.0,,6.0,13.0,QFqtVX-lyZQgVHQrG-dhlg,21.0,23.0,25.0,13.0,6.0,11.0,21.0,21.0,3.0,4.0,6.0,2.0,,,20.0,,3.0,2.0,,,9.0,1.0,,,17.0,13.0,,,,,12.0,,19.0,8.0,,,3.0,14.0,,5.0,9.0,,17.0,,,,9.0,,5.0,15.0,2.0,21.0,,,,15.0,11.0,10.0,,,,12.0,1.0,14.0,,,,,11.0,,,13.0,12.0,,,15.0,15.0,9.0,23.0,2.0,1.0,9.0,17.0,21.0,17.0,1.0,1.0,2.0,14.0,,,4.0,13.0,9.0,27.0,1.0,,12.0,,17.0
,,,,,,,,,,,,,,,,,,,,,,,,,,,,,,,,,,,,,,,,,,,,,,,,,,,,,,,,,,,,,,,,,,,,9LIReV5_aSq2CFbwr0BtjA,,,1.0,,,,,,,,,,,,,,,,,,,,,,,,,,,,,,,1.0,,,,,,,,,,,,,,,,,,1.0,,,,,,,,,,,,,,,,,,,,,,,,,,,,,,,,,,,,,,,,,,,,,,,,
3.0,1.0,2.0,3.0,3.0,,,,,,,2.0,,,2.0,,,4.0,2.0,4.0,5.0,,,,,7.0,,,2.0,2.0,4.0,,,,,7.0,2.0,,,1.0,,,1.0,,2.0,,10.0,5.0,3.0,2.0,,4.0,1.0,3.0,,,1.0,,10.0,,1.0,,,5.0,,,2.0,,rsjrcxOIJm9VdkSNpkXZ9Q,,4.0,3.0,,1.0,,2.0,4.0,,,1.0,,,,2.0,,1.0,,,,,,,,3.0,4.0,,,,,1.0,1.0,,3.0,,,,1.0,,1.0,,,,,,,,,1.0,2.0,,3.0,,,,3.0,2.0,2.0,,,,1.0,,1.0,,,,,,,,2.0,2.0,,,7.0,1.0,,4.0,,,2.0,1.0,4.0,,,,2.0,2.0,,2.0,,2.0,,4.0,1.0,,,2.0,5.0
,,,1.0,,,,,,,,,2.0,,,,,,,,,,,,,,,,,,,,3.0,,,,,,,,,,,,,,,,,,,,,,,,,,,,,,,,1.0,,,,PgeVUSx_NdcAqIH09z1fBg,,,,,,,,,,,,,,,1.0,,,,,,,,,,,,,,,,1.0,,2.0,,,,,,,,2.0,,,,,,,,,,,,,,,,,,,,,,,,,,,,,,,,,,,,,,,,,,,,,,,,,1.0,,,,,,,,,,
,,,,,,,,,,,1.0,,,,,,,1.0,,,,,,,,,,2.0,,,,,,,,,,,1.0,,,2.0,,,,,,,,,,,,,,,,,,,,,1.0,,,,,FUJGBwxflIoKiCRK1AdTgA,,,,,1.0,,1.0,,1.0,1.0,2.0,,,,2.0,,,,,,,,,,,,,,,,,,,1.0,,,,,,1.0,,,,,,,,,,,,,,,,2.0,,,,,,2.0,,,,,,,,,,,,,,,,,1.0,,,2.0,,,,,,1.0,,,,,,,,,1.0,1.0,,
,,,,,,,,,,,1.0,,,,,,,,,2.0,,,,,,,,,,,,,,,,1.0,,,,,,,,,,,,,,,,,,,,,,,,,,,,,,,,WMBoW9JEY1P9SSyLxvjX5g,,,,,,,,,,,,,,,,,,,,,,,,,,,,,,,,,,,,,,,,,,,,,,,,,,,,,,,,,1.0,,,,,,,,,,,,,,,,,,,,,,,,1.0,,,,,,,,,,,,,,1.0,,,,,
,,,,,,,,,,,,,,,,,,,,,,,,,,,,,,,,,1.0,,,,,,,,,,,,,,,,,,,,,,,,,,,,,,,,,,,qGHpCDLL3DFtAytDhn80Pg,,,,,,,,,,,,,,,,,,,,,,,,,,,,,,,,,,,,,,,,1.0,,,1.0,,,,,,,,,,,,,,,,,,,,,,,1.0,,,,,,,,,,,,,,,,,,,,,,,,,,,,,,,,,,
,1.0,9.0,3.0,,,,,,24.0,2.0,8.0,13.0,23.0,10.0,9.0,19.0,1.0,3.0,,11.0,35.0,,,13.0,12.0,,9.0,,3.0,1.0,1.0,35.0,2.0,10.0,,10.0,20.0,1.0,7.0,10.0,,9.0,21.0,5.0,28.0,,28.0,,23.0,,7.0,24.0,9.0,1.0,,,10.0,7.0,1.0,,,,5.0,23.0,5.0,,20.0,qFZ7ReYNpjHuvSxOqXqHMg,20.0,18.0,16.0,,10.0,6.0,1.0,2.0,,4.0,4.0,2.0,1.0,,4.0,4.0,7.0,,5.0,,10.0,1.0,,1.0,2.0,,,,15.0,,48.0,,34.0,,3.0,3.0,2.0,10.0,,10.0,10.0,,12.0,,1.0,,32.0,,5.0,9.0,16.0,6.0,,,1.0,1.0,6.0,,2.0,1.0,,5.0,,32.0,,,,,19.0,5.0,,17.0,4.0,,,5.0,,5.0,,29.0,18.0,,2.0,5.0,14.0,,1.0,7.0,14.0,5.0,,3.0,8.0,23.0,1.0,1.0,5.0,8.0,,4.0
,,3.0,5.0,,,,,,,,,,2.0,4.0,,1.0,3.0,3.0,,,,,,1.0,1.0,,1.0,,,,,,,1.0,4.0,3.0,1.0,,,1.0,,,,,,,,,,,3.0,1.0,1.0,,,1.0,,3.0,,1.0,1.0,,,,,,1.0,qOEhDcb9mgbvSl__PBkdxg,,1.0,1.0,,,,,3.0,,1.0,,,,,,,1.0,,,,2.0,,,,,1.0,,,,,,,,,,,,1.0,,1.0,,,1.0,,,,,,1.0,,,4.0,,,,,,,,,,,,1.0,1.0,,,,,,,1.0,4.0,,,2.0,,1.0,1.0,,,,3.0,,,,,,1.0,,,,,,1.0,,,3.0,,
,1.0,,,,,,,,,,,,,,,,,,,,,,2.0,,,,,1.0,,,,,,1.0,,1.0,,,,,,1.0,,,,,,,,,1.0,,,,1.0,,,,,1.0,,,1.0,,,,,6TkMA9QafYXEOfe7uvB9mA,,,,,,,,1.0,1.0,,,,,,,,,,,,1.0,,,,,2.0,,,,,,,,3.0,,,,,,,,,,,,,,,,2.0,,,,,,1.0,,,,,,,,,,,,,1.0,,,,,,,,,,1.0,,,,,1.0,,,,,,,,,,,2.0,,,,,
,,,1.0,,,,,,,,,,,1.0,,,,,,,,,,,,,,1.0,,1.0,,,,,,1.0,,,1.0,,,,,,,,,,,,1.0,,,,,,,,,,,,,,,1.0,,VkwdilFrlPc2-dwfRVFiiA,,,,,,,,,,,,,,,1.0,,1.0,,,,1.0,,,,,,,,,,,,,,,,,,,,,,,,,,,,1.0,,,,,,,,,,,,,,,,,,,,1.0,,,,,,,,1.0,1.0,2.0,,,,1.0,,,,,1.0,1.0,,,,1.0,,,,,1.0,,
,,10.0,7.0,,,,,,13.0,1.0,19.0,5.0,13.0,3.0,1.0,11.0,4.0,6.0,1.0,3.0,14.0,,,4.0,9.0,,23.0,,4.0,,,15.0,1.0,21.0,,18.0,4.0,,14.0,5.0,1.0,12.0,14.0,7.0,24.0,1.0,12.0,2.0,6.0,,5.0,13.0,8.0,,,1.0,11.0,7.0,,,,,5.0,14.0,5.0,8.0,15.0,yy7pPm_QGVRm6exD__Htug,28.0,6.0,11.0,,23.0,,5.0,10.0,,15.0,17.0,,,,1.0,1.0,12.0,,2.0,,33.0,,,,10.0,1.0,1.0,,10.0,,14.0,,14.0,,,,1.0,1.0,,11.0,5.0,,11.0,,,,13.0,,33.0,30.0,12.0,10.0,,,,11.0,40.0,,,1.0,,13.0,,14.0,,,,,25.0,,,8.0,4.0,,,3.0,,10.0,2.0,16.0,8.0,,15.0,14.0,9.0,,,21.0,28.0,3.0,,,9.0,12.0,,,3.0,4.0,,13.0
,,,,,,,,,,,,,,,,,,,,,,,,,,,,,,,,,,,,,,,,,,,,,,,,,,,,,,,,,,,,,,,,,,,,xaTzvzYq6Zfb3CN0gjkd1A,,,,1.0,,,,,,,,,,,,,,,,,,,,,,,,,,,,,,,,,,,,,,,,,,,,,,,,,,,,,,,,,,,,,,,,,,,,,,,,,,,,,,,,,,,,,,,,,,,1.0,,,,,
,1.0,,,,,,,,,,1.0,,,,,,,,,,,,,,,,1.0,1.0,,,,,,,1.0,,,,1.0,,,,,,,,,2.0,,,,,,,,,,,,,,,,,,,,J6DeEYk5VF_oH6OniMxGOQ,,,,,,,1.0,2.0,,,,,,,,,,,,,,,,,,,,,,,,,,,,,,,,,,,,,,,,,,,,,,,,,,,,,,1.0,,,,,,,,,,1.0,,,,,,1.0,1.0,,,,,,,,,,,,,,,,,,,,,
,,,,,,,,,,,,,,,,,,,,,,,,,,,,,,,,,,,,,,,,,,,,,,,,,,,,,,,,,,,,,,,,,,,,tTKWIf2_VR5l6uJ80uI6aw,,,,,,,,,,,,,,,,,,,,,,,,,,,,,,,,,,,,,,,,,,,,,,,,,,,,,,,,,,,,,,,,1.0,,,,,,,,,,,,,,,,,,,,,,,,,,,,,,,,,,,,
,,,,,,,,,,,,,,,,,,,,,,,,,,,,,,,,,,1.0,,2.0,,,,,,,,,,,,1.0,,,,,,,,,,,,,,,,,,,,pbRKlMgg69Aj5DIWJioMow,,,,,,,,,,,,,,,,,,,,,,,,,,,,,,,,,,,,,,,,,,,,,,,,,,,,1.0,,,,,,,,,,,,,,,,,,,,,,,,,,,,,,,,,,,,,,,,,,,,,,,,
,,,,,,,,,,,,,,,,,,,,5.0,,,,,1.0,,,,,,,,,,,,,,,,,,,,,,,,,,,,1.0,,,,,,,,,,1.0,,1.0,,,Y4OWm-XIXKBUkogYx7rh2w,,,1.0,,,,,2.0,,,,,,,,1.0,1.0,,,,,,,,1.0,,,,,,,,,,,,,,,,,,,,,,,,,,,,,,,,,,,,,,,,,,,,,,,,,,,1.0,,,,,,,,,1.0,,,,,,,,,,,,1.0,,,2.0
,,1.0,1.0,,,,,,,,,,,1.0,,,,1.0,,,,,,,1.0,,,,,,,1.0,,,,1.0,,,1.0,,,1.0,,,,1.0,,,1.0,,,,,,,,,,,,,,1.0,,,,,fn53cY_qMDPnYvdV48_hVg,,,,1.0,,,,,,1.0,1.0,,,,,,,,,,1.0,,,,,1.0,,,,,,,,,,,,1.0,,,,,,,,,1.0,,1.0,,,,,,,,,,,,,,,,,,,,,,,,,,,,,,,,,,,,,,,1.0,,,,,1.0,,,,,,,1.0
1.0,,,,1.0,2.0,2.0,5.0,,,,,1.0,,,,,,1.0,,1.0,,1.0,1.0,,,2.0,2.0,,,2.0,1.0,,,1.0,1.0,,,5.0,1.0,,1.0,,,1.0,,2.0,,1.0,,,2.0,,,1.0,3.0,,,,,,4.0,,,,,,,k3SiAsI_zpPzctKmFF26kg,,,,2.0,2.0,,2.0,1.0,,,1.0,,4.0,1.0,1.0,,1.0,,,,1.0,,1.0,,,,1.0,1.0,,2.0,,,,,,,2.0,,4.0,,,3.0,,1.0,1.0,5.0,,1.0,2.0,,,,4.0,3.0,5.0,4.0,,1.0,,1.0,2.0,,2.0,1.0,2.0,3.0,1.0,1.0,2.0,,2.0,,,5.0,1.0,,2.0,,,1.0,,,2.0,1.0,,2.0,,1.0,1.0,,1.0,,3.0,,,1.0,,,,1.0
,,,2.0,,,,,,,,,,,,,,,,4.0,,,,,,,,,,,,,,,1.0,,,,,,,,,,,,,,1.0,,,,,,,,,,,,,1.0,,,,,,,PcgBF7OIg-PLKJTK3QJMFw,,,2.0,,1.0,,1.0,,,,,,,,,,,,,,,,,,,,,,,,,,,,,,,,,,,,,,,,,,,,,,,,,,,,,,,,,,,,,,,,,,,,,,,,,,,,,,,,,,1.0,,,,,,,,,,,
1.0,,,,,,,,,,,,,,,,,,,,,,,,,,,,,,,,,,,,,,,,,,,,,,,,1.0,,,,,,,,,,,,,,,,,,,,-yuNBcDIoOzCcS4GWU_o1A,,,,,,,1.0,1.0,,,,,,,,,,,,,,,,,,,,,,,,,,,,,,,,1.0,,,,,,,,,,,,,,,,,,,,,,,,,,,,,,,,,,,,,,,,,,,,,,,,,,,,,,,,,,,,
,,,1.0,1.0,,,,,,,1.0,,,,,,,2.0,,,,,,,,,1.0,,,,,,,,,1.0,,,,,,,,,,,,,,,,,,,,,,,,,,,,,,,,FxEoO2etCPrPLFOnGwV-Ww,,,,1.0,,,2.0,1.0,,,,,,,,,,,,,1.0,,,,,,,,,,,,,,,,,,,,,,,,,,,,,1.0,,,,,,,,,,,,2.0,,,,,,,,,,,,,,,,,,,,,1.0,,,,,1.0,,,,,1.0,,1.0,,,,,
,,,,,,,,,,,,,,,,,1.0,2.0,,,,,,,,,1.0,,,,,,,,,,,,,,,1.0,,,,,,,,,1.0,,,,,,,1.0,,,,,,,,,,9UgZlpPSVHj-_z_k13Wd6Q,,,,1.0,3.0,,,,,2.0,2.0,,,,1.0,,1.0,,,,,,,,,,,,,,,,,1.0,,,,,,,,,,,,,,,,,,,,,,,,,,,,,,,,,,,,,,,,,,1.0,,,1.0,,,,,,,,,,,,,,,,,,,1.0,,
1.0,,,,,,,,,,,,,,,,,,,,,,,,,,,,,,,,,,,,,,,,,,,,,,,,,,,,,,,,,,,,,,,,,,,,2ur1a1J-WfGZ4oWhaSjUAw,,,,,,,,,,,,,,,,,,,,,,,,,,,,,,,,,,,,,,,,,,,,,,,,,,,,,,,,,,,,,,,,,,,,,,,,,,,,,,,,,,,,,,,,,,,,,,,,,,,,
2.0,1.0,7.0,11.0,,,,,5.0,,,1.0,,1.0,5.0,,,13.0,,1.0,,,1.0,,,2.0,14.0,1.0,1.0,,,,,,,4.0,1.0,,,,1.0,,2.0,,1.0,,5.0,,2.0,1.0,,,,,,10.0,1.0,1.0,11.0,,1.0,1.0,1.0,,,,,1.0,TFi2oV4wuVCis4xCoygzhA,,,,,,,,2.0,,1.0,,,,,23.0,,,,,,,,,,,1.0,,,,,,,,,,,,2.0,,,,3.0,,,,2.0,,10.0,,,,5.0,,,,,1.0,2.0,,,,2.0,5.0,,2.0,4.0,,4.0,,,5.0,2.0,,,,7.0,,,2.0,,,,,1.0,,,5.0,,,,,,,,1.0,1.0,,6.0,1.0,4.0
,,,1.0,,,,,,,,,,,,,,,,,1.0,,,,,,,,,1.0,,,,,,,,,,,,,,,1.0,,,,,,,,,,,,,,,,,,,,,,1.0,,UJButeGhEReFgTS9VJ7TBQ,,,1.0,,,,,1.0,,1.0,,,,,,,,,,,,,,,,,,,,,,,,,,,,,,,,,,,,,,,,,,,,,,1.0,,,,,,,,,,,,,1.0,,,,,,,,,1.0,,,,,,,,,,,,,,,,,,,,,,
,,,,,,,,,,,,,,,,,,,,,,,,,,,,,,,,,,,,,,,,,,,,,,,,,,,,,,,,,,,,,,,,1.0,,,,ydnVd1autQa3lgrPiTWYxQ,,,,,,,,,,,,,,,,,,,,,,,,,,,,,,,,,,,,,,,,,,,,,,,,,2.0,,,,,,,,,,,,,,,,,,,,,,,,,,,,,,,,,,,,,,,,,,,,,,,,,,,
,,,,,,,,1.0,,,1.0,,,,,,,,,,1.0,,,,,,1.0,3.0,1.0,1.0,,,,2.0,1.0,2.0,,,,,,,1.0,,,,1.0,1.0,,,,1.0,1.0,,,,,,,,1.0,,,,,,1.0,lP8Qx2Lv0rjgTgDOvs_2Sg,,,,3.0,,1.0,,,2.0,,,,,1.0,1.0,,1.0,,,,,,,,4.0,,,,,,,,,1.0,,,,,,2.0,,1.0,,,,,,,1.0,,,,,,,,,1.0,,,,,,,,,,,1.0,,,,1.0,,,3.0,,,2.0,,,,,,,,,1.0,2.0,,,,,,,,,,,
,,,,,,,,,,,,,,,,,,,,,,,,,,,,,,,,,,,1.0,,,,,,,1.0,,,,,,,,,,,,,,,,,,,,,,,,,,MaKJcuAQluPQsyJ7GxmWhQ,,,,,,,,,,,,,,,,,,,,,,,,,,,,,,,,,,,,,,,,,,,,,,,,,,,,,,,,,,,,1.0,,,,,,,,,,,,,,,,,,,,,,,,,,,,,,,,,,,,1.0,,,,
,,,,,,,,,,,,,,,,,,,,,,,1.0,,2.0,,,,,,,,,,2.0,,,,2.0,,,1.0,,,,,,,,,,1.0,,,,1.0,,,,,,,1.0,,,,,RhS_cyPTCRYLRky-Y7yNCA,,,1.0,1.0,,,,2.0,,,,,,,,,,,,,2.0,,,,,,,,,,,,,,,,,1.0,,,,1.0,,,,,,,,,,,,,,,,,,,,,,,,,,,,,,,,,,1.0,,,,,,,1.0,,,,,,1.0,,,,,,2.0,,,,,
,,,,,,,,,,,,,,,,,,,,,,,,,,,,1.0,,,,,,,,,,,,,,,,,,,,,,,,,,,,,,,,,,,,,,,,6hpfRwGlOzbNv7k5eP9rsQ,,,,,,,,,,,,,,,,,,,,1.0,,,,,,,,,,,,,,,,,,,,,,,,,,,,,,,,,,,,,,2.0,,,,,,,,,,,,,,,,,,,2.0,,1.0,,,,,,,,,,,,,,,,,,,,,
,,,,,,,,,,,,,,,,,,,,,,,,1.0,1.0,,,,,,,,,,,,,,,,,,,,,,,,,,,,,,,,,,,,,,,,,,,j1-MhqW0Lesq7YtL1t_wAQ,,,,,,,,,,,,,,,,,,,,,,,,,,,,,,,,,,,,,,,,,,,,,,,,,,,,,,,,,,,,,,,,,,,,,,,,,,,,,,,,,,,,,1.0,,,,,,,,,,,,,,,
,,,,,,,,,,,,,,,,,,,1.0,,,,,,,,,,,,,,,1.0,,1.0,,,1.0,,,,,2.0,,,,,,,,,,,,,,2.0,,,,,1.0,,,3.0,,slNlxqKdRl4q4ppugfT3ig,,,1.0,,,,,,,,,,,,1.0,,,,,,,,,,,,,,,,,,,2.0,,,,,,,,,,,,,,,,,,,,,,,1.0,,,,,,,,,,,,,,,,1.0,,,,,,,,,,,1.0,,,,,2.0,,,,,,1.0,,,,,
,,,,,,,,,,,,,,,,,,,,,,,,,,,,,,,,1.0,,,,,,,,,,,,,,,,,,,,,,,,,,,,,,,,,,,,bAsJFpMp2FzQWPYRMrSatg,1.0,,,,,,,,,,,,,,,,,,,,,,,,,,,,,,,,,,,,,,,,,,,,,,,,,,,,,,,,,,,,,,,,,,,,,,,,,,,,,,,,,,,,,,,,,,,,,,,,,,,
,,,,,,,,,,,,,,,,,,,,,,,,,,,1.0,,1.0,,,,,,,,,,,,,,,,,,,,,,,,,,,,,,,,,,,,,,,ct3PdP27YGDomr9rK_GVJw,,,,,,,,,,,,,,,,,,,,,,,,,,,,,,,,,,,,,,,,,,,,,,,,,,,,,,,,,,,,,,1.0,,,,,,,1.0,,,,,,,,,,,,,,,,,,,,,,,,,,,,,1.0,,
1.0,,1.0,1.0,,,,,,,,,,,,,,,,,,,,,,,,,,,,,2.0,,,2.0,,,,,,,,,,1.0,22.0,1.0,20.0,,,,3.0,,,,,1.0,,,,,,,,,,,fEZDZWGQRzE6BdSfQXWeDA,,,,,,,,1.0,,,,,,,,,,,,,,,,,,,,,,,,,,,,,,1.0,,,,,1.0,,,,,,,4.0,,,,,,,21.0,3.0,,,,,,,,,,,,,,4.0,,,,,,,,2.0,,,,,,,,1.0,,,,,,1.0,,,,,,109.0
,,,,,,,,,,,,,,,,,,,,,,,,,,,,,,,,,,,,,,,,,,1.0,,,,,,,,,,,,,,,,,,,,,,,,,,aveqqTTutqV5tOl3_SeI8A,,,,,,,,,,,,,,,,,,,,,,,,,,,,,,,,,,,,,,,,,,,,,,,,,,,,,,,,,,,,,,,,,,,,,,,,,,,,,,,,,,,,,,,,,,,,,,,1.0,,,,,
,,,,,,,,,,,,,,,,,,,,,,,,,1.0,,,,,,,,,,,,,,,,,,,,,,1.0,,,,,,,,,,,,,,,,,,,,,HtQmm4EyS8lYXPYNYSWXdg,,,2.0,,,,,,,,,,,,,,,,,,,,,,,1.0,,,,,,,2.0,,,,,,,,,,,,,,,,,,,,,,,,,,,,,,,,,,,,,,,,,,,2.0,,,1.0,,,,,1.0,,,,,,,,,,,,,,,,
,,2.0,,,,,,,,,,1.0,1.0,2.0,,,,2.0,,,,,,,2.0,,,,,,,,,1.0,1.0,2.0,,,3.0,,,,,3.0,1.0,,2.0,1.0,,,1.0,1.0,1.0,,,,2.0,1.0,,,,,1.0,1.0,,,,Yq0LCrGLjJtKcwBu1Nta6w,,1.0,2.0,,2.0,,,1.0,,,,,,,3.0,,4.0,,,,1.0,,,,1.0,,,,,,3.0,,,,,,,2.0,,2.0,,,1.0,,,,,1.0,1.0,,,,,,,,,,,,,2.0,,2.0,,,,,2.0,,,,1.0,,,,,1.0,,,,,5.0,1.0,,,,,1.0,,,,2.0,,,,,,,
,2.0,2.0,5.0,1.0,,,,1.0,,,,,,,,1.0,2.0,1.0,1.0,1.0,,1.0,,,,,3.0,,,,,,,,3.0,1.0,,,2.0,,,,,2.0,,3.0,,4.0,,,1.0,,,,1.0,,1.0,1.0,,1.0,1.0,,1.0,1.0,,3.0,,dzNI36bApgTUiht9OcrxPw,,,,1.0,1.0,,1.0,4.0,1.0,1.0,2.0,,,1.0,7.0,,1.0,,,,1.0,,,,1.0,4.0,,,,,1.0,,,2.0,,,,1.0,,3.0,1.0,1.0,2.0,,,,2.0,1.0,3.0,2.0,,1.0,,,,1.0,,1.0,,1.0,1.0,1.0,,,2.0,3.0,,,4.0,,,6.0,3.0,,,1.0,1.0,3.0,2.0,,,2.0,,,,2.0,1.0,1.0,,,1.0,,1.0,,2.0,,,1.0,,2.0
,,,,,,,,,,,,,,,,,,,,,,,,,,,,,1.0,,,,,,,,,,,,,,,,,,,,,,,,,,,,,,,,,,,,,,,sY6AR_JqHBLxBkKZLfBJQw,,,1.0,,,,,,,,,,,,,,,,,,,,,,,,,,,,,,,,,,,,,,,,,,,,,,,,,,,,,,,,,,,,,,,,,,,,,,,,,,,,,,,,,,,,,,,,,,,,,,,,,
,,1.0,1.0,,,,,,,,,,,1.0,,,,,,,,,,,,,,,,,,,,,,,,,,,,,,,,,,,,,,,,,,,,,,,,,,,,,,1GWSJbsVfKCPXIYPap6nIA,,,,,,,,,,,,,,,,,,,,,,,,,,,,,,,,,,1.0,,,,,,,,,,,,,,,,1.0,,,,,,,,,,,,,,,,,,,,,,,,,,,,,,,,,,,,,,,,,,,,,,,,,,
,,,,,,,,,,,,,,1.0,,,,,1.0,,,,1.0,,,,10.0,2.0,,,,,,,,,,,,,,1.0,,,,,,,,,,1.0,,,,,,10.0,,,,,1.0,,,,,rzjX_oK_sLaJbjBisOnkkw,,,,,,,1.0,,,,,,,,7.0,,,,,,10.0,,,,,,,,,,,,,,,,,1.0,,,,,,,,,,,,,,,,,,,,,,,,,,,,,,,,,,,,,,11.0,,,,,,,1.0,,,,,,,,,,,,,,,,,
,,,,,,,,,,,,,,,,,,,,,,,,,,,,,,,,,,,1.0,,,,1.0,,,,,,,,,,,,,,,,,,,,,,,,,,,,,Pho0qplgiDMttyic_bUYsQ,,,,,1.0,,,,,,,,,,,,,,,,,,,,,,,,,,,,,,,,,,,,,,,,,,,,,,,,,,,,,,,,,,,,,,,,,,,,,,,,,,,,,,1.0,,,,,,1.0,,,,,,,,,,,
,,,,,,,,,,,,,,,,,,,,,,,,,,,,1.0,,,,,,,,,,,,,,,,,,,,,,,,,,,,,,,,,,,,,,,,w6WxZu_4-6XDt2eQaAqlWg,,,,,,,,,,,,,,,,,,,,,,,,,,,,,,,,,,,,,,,,,,,,,,,,,,,,,,,,,,1.0,,,,,,,,,,,,,,,,,,,,,,,,,,,,,,,,,,,,,,,,,,
1.0,,,10.0,4.0,,,1.0,2.0,,1.0,2.0,,2.0,2.0,1.0,,2.0,,4.0,1.0,,1.0,6.0,,3.0,,,2.0,5.0,7.0,,,1.0,2.0,,4.0,1.0,,2.0,1.0,,4.0,4.0,4.0,1.0,2.0,2.0,4.0,,1.0,3.0,1.0,,,2.0,1.0,1.0,2.0,,2.0,,1.0,1.0,,1.0,2.0,2.0,QvPheSB0kI_rrsyM4xAznw,,,2.0,2.0,3.0,1.0,1.0,5.0,5.0,2.0,3.0,,,,1.0,,4.0,,,1.0,,,,,2.0,4.0,,,,,1.0,,3.0,2.0,,,,1.0,1.0,5.0,,1.0,1.0,,,,,1.0,4.0,6.0,,1.0,,,,6.0,5.0,4.0,,3.0,8.0,5.0,2.0,1.0,2.0,1.0,,1.0,5.0,,,1.0,6.0,1.0,,2.0,1.0,3.0,2.0,1.0,1.0,4.0,5.0,,,,,5.0,4.0,1.0,5.0,,5.0,,2.0,3.0,1.0,3.0,2.0,4.0
,,,,,,,,,,,,,,,,,,,,,,,,,,,,,,,,,,,,,,,,,,,,,,,,,,,,,,,,,,,,,,,,,,,,4aPjGu1YO5kDbVpnSlIEXA,,,,,,,,,,,,,,,,,,,,,,,,,,,,,,,,,,,,,,,,,,,,,,,,,,,,,,,,,,,,,,1.0,,,,,,,,,,,,,,,,,,,,,,,,,,,,,,,,,,,,,,
,,,,,,,,,,,,,,,,,,,,,,,,,,,,,,,,,,,,,,,,,,,,,,,,,,,,,,,,,,,,,,,,,,,,75thxHkg9LgbxlDfMw5n-g,,,,,,,1.0,,,,,,,,,,,,,,,,,,,,,,,,,,,,,,,,,,,,,,,,,,,,,,,,,,,,,,,,,,,,,,,,,,,,,,,,,,,,,,,,,,,,,,,,,,,,,
,,1.0,,,,,,,,,,,,,,,,1.0,,,,,,,,,,,1.0,,,,,1.0,,,,,,,,,,,,,1.0,,,,,,1.0,,,,,1.0,,,,,,,,,1.0,OKqxQ9eD2kA7JNuXatK_1A,,1.0,,,,,,,,,,,,,,,1.0,,,,,,,,,,,,,,,,,,,,,,,1.0,,,,,,,,,,,,,,,,,,,,,,,,1.0,,,,,1.0,,,,,,,1.0,,,2.0,,,,,,,,,,,,,,,,,,,,,
,,,,,,,,,,,1.0,,,,,,,,,,,,,,,,,,,,,,,,,,,,,,,,,,,,,,,,,,,,,,,,,,,,,,,,,Lov2OE96fonQV6ItjAMS8A,,,,,,,,,,,,,,,,,,,,,,,,,,,,,,,,,,,,,,,,,,,,,,,,,,,,,,,,,,,,,,,,,,,,,,,,,,,,,,,,,,,,,,,,,,,,,,,,,,,,
,,,,,,,,,,,,,,,,,,,,,,,,,,,,,,,,,,,,,,,,,,,,,,,,,,,,,,,,,,,,,,,,,,,,jBAtWFmDllB_jbSeiRK0Jg,,,,,,,,,,,,,,,,,,,,,,,,,,,,,1.0,,,,,,,,,,,,,,,,,,,,,,,,,,,,,,,,,,,,,,,,,,,,,,,,,,,,,,,,,,,,,,,,,,,,,,,
,,,1.0,,,,,,1.0,,,,,,,,,,,,,,,,,,,,,,,,,1.0,,2.0,1.0,,,,,,,,1.0,,,,,,,1.0,1.0,,,,,,,,,,1.0,,,,,-CZwX0Fy14DGCY_2aFkhKg,1.0,,,,,,,,,,,,,,,,,,,,1.0,,,,,,,,,,,,1.0,,,,,,,,,,2.0,,,,,,,,,,,,,,,,,,,,,1.0,,,,,,,,,,,,,,,,,,,,,,,,,1.0,,,1.0,,,,,,,,
1.0,,,,,,,,,,,,,,,,,,,,,,,,,,,,,,,,,,,,,,,,,,1.0,,,,,,2.0,,,,,,,,,,,,,,,,,,,,O7gJ1v7yVmwPV93NC4EFfQ,,,,,,,,,,1.0,,,,,1.0,,,,,,,,,,,,,,,,,,,,,,,,,,,,,,,,,,,,,,,,,1.0,,,,,,,,,,,,,,,,,,,,1.0,,,1.0,,,,,,,,,,,,,,1.0,,,,,,,
1.0,,,,,,,,,,,,,,,,,,,,,,,,,,,,,,,,,,,,,,,,,,,,,,,,,,,,,,,,1.0,,,,,,,1.0,,,,,RUesmVfxbN1G5rEv3xnrtQ,,,,,,,,,,,,,,,,,,,,,,,,,,,,,,,,,,2.0,,,,,,,,,,,,,,,,,,,,,,,,,,,,,,,,,,,,1.0,,,,,,,,,,,,,1.0,,,,,1.0,,,,,,,,,,,,
,,,,,,,,,,,,,,2.0,,,1.0,,,,,,,,,,,,,,,,,,,,,,,,,,,,,,,,,,,,,,,,,,,,,,1.0,,,,,dCHY54izjsBylnGHvSaOdQ,,,,,,,,,,,,,,,,,,,,,,,,,,,,,,,,,,,,,,,,,,,,,,,,,,,,,,,,,,,,,,,,,,,,,,,,1.0,,,,,,,,,,,,,,,,,,,,,,,,,,,,
,,,,,,,,,,,,,,,,,,,,,,,,,,,,1.0,,1.0,,,,,,,,,,,,,,,,1.0,,,,,1.0,,,,,,,,,1.0,,,1.0,,,,,8BkHsanQFybOf3XwIa0pCw,,,,1.0,,,,1.0,,,,,,,,,,,,,2.0,,,,,,,,,,,,,,,,,,,1.0,,,,,,,,,,,,1.0,,,,,,,,,,,,,,,,,1.0,,,,2.0,,,1.0,,,,,,,,,,,,,,,,,,,3.0,,,2.0,,
,,,,,,,,,,,,,,,,,,,,,,,,,,,,,,,,,,,,,,,,,,1.0,,1.0,,,,,,,,,,,,,,,,,,,,,,1.0,,9FWRsG70CqE_5KmjDI3Rjg,,,,,,,,,1.0,,,,,,,,,,,,,,,,,1.0,,,,,,,,,,,,,,,,,,,,,,,,,,,,,,,1.0,,,,,,,,,,,,,,,,,,,,,,,,,1.0,,,,,,,,,,,,,,,,,,
1.0,,1.0,1.0,,,,,,2.0,,1.0,1.0,1.0,3.0,,1.0,1.0,3.0,,3.0,2.0,,2.0,,3.0,,,1.0,,1.0,,3.0,,5.0,3.0,3.0,1.0,,2.0,,,1.0,,,3.0,4.0,3.0,2.0,1.0,,1.0,1.0,1.0,,,4.0,1.0,5.0,,,,1.0,3.0,,1.0,1.0,2.0,JygJa_-IIaZj3iZBpYE-sA,2.0,2.0,1.0,2.0,4.0,,,4.0,1.0,,1.0,,,,1.0,,,,,,3.0,,,,3.0,,,,,,2.0,,3.0,3.0,,,,2.0,,1.0,5.0,,3.0,,,,1.0,,1.0,3.0,,5.0,,1.0,,,3.0,,,1.0,,2.0,,2.0,1.0,1.0,,,4.0,,,3.0,,,,1.0,,,1.0,3.0,1.0,1.0,1.0,4.0,2.0,2.0,,1.0,3.0,,,,1.0,4.0,2.0,2.0,1.0,3.0,,6.0
9.0,6.0,55.0,11.0,2.0,,,,4.0,3.0,,18.0,6.0,9.0,51.0,,5.0,9.0,20.0,8.0,6.0,,14.0,4.0,,12.0,5.0,8.0,16.0,28.0,12.0,,7.0,,6.0,33.0,15.0,,,3.0,1.0,,16.0,,7.0,,11.0,3.0,18.0,5.0,,47.0,3.0,5.0,1.0,6.0,15.0,26.0,24.0,,5.0,5.0,1.0,3.0,3.0,1.0,9.0,8.0,oEqNseYlgAlvPhs9WSZ8vg,,14.0,6.0,3.0,4.0,,10.0,18.0,2.0,22.0,4.0,,,5.0,16.0,1.0,5.0,,1.0,,3.0,,,,11.0,3.0,,,,,4.0,1.0,4.0,3.0,,,,11.0,,2.0,2.0,,11.0,,,6.0,2.0,6.0,8.0,5.0,2.0,25.0,,,,,9.0,5.0,1.0,7.0,18.0,15.0,3.0,12.0,20.0,6.0,,,12.0,,,11.0,5.0,,,9.0,9.0,4.0,8.0,1.0,1.0,5.0,5.0,9.0,,,6.0,19.0,10.0,,18.0,,4.0,9.0,34.0,9.0,,46.0,,12.0
,,,,,,,,,,,,,,,,,,,,,,,,,,,,1.0,,,,,,,,,,,,,,,,,,,,,,,1.0,,,,,,,,,,,,,,,,,KnIvjMKqWpB2m3BB_BEBDg,,,,,,,,,,,,,,,,,,,,,1.0,,,,,,,,,,,,,,,,,,,,,,,,,,,,,,,,,,,,,,,,,,,,,,,,,,,,,,,,,,,,,,,,,,,,,,,,,,,,,,,
1.0,1.0,1.0,,1.0,,,,,2.0,,,1.0,1.0,,,,1.0,,2.0,2.0,,,1.0,1.0,,,1.0,4.0,4.0,3.0,,,1.0,1.0,1.0,6.0,,,4.0,1.0,,1.0,,,,2.0,,5.0,4.0,,,,,,,,,1.0,,1.0,1.0,,,,1.0,,,3eVnehvy3QO7z8ANwawZ5w,,3.0,1.0,2.0,,,2.0,2.0,,2.0,2.0,,,,1.0,,1.0,,,,2.0,,,,,1.0,,,,,3.0,,2.0,6.0,,,,,,2.0,,,1.0,,,,2.0,,2.0,1.0,,,,,,,3.0,,,1.0,,2.0,,1.0,,,,,1.0,,,,1.0,,,4.0,2.0,1.0,2.0,,,1.0,1.0,1.0,,,1.0,3.0,,,1.0,,1.0,1.0,5.0,2.0,,1.0,1.0,
,,1.0,,,,,,,,,,,,2.0,,,,,,1.0,,,,,,,,,,,1.0,,2.0,,,2.0,,,,1.0,,,,,,,,,1.0,1.0,,,,,,,,,,,,,,2.0,,,1.0,mURFkV4ZFTxNCLApbUox8Q,,,1.0,,,,1.0,,,2.0,,,,,,2.0,,1.0,,,,,,,,,,,,,,,,,2.0,,,,,,,,,,,,1.0,,,,,,,,1.0,,,,,,,,,,,,,,,,,,1.0,,,,,,,,,,,,,,,,,1.0,,2.0,,,,,,,,
,,,,,,,,,,,,,,,,,,,,,,,,,1.0,,,,,,,,,,,,,,,,,,,,,,,,,,,,1.0,,,,,,,,,,,,,,,QdD8BpyPeR49DFCzKzFq4A,,,,,,,,,,,,,,,,,,,,,,,,,,,,,,,,,,,,,,1.0,,,,,,,,,,,,,,,,,,,,,,1.0,,,,,,,,,,,,,,,,1.0,,,,,,,1.0,,,,,,,,,,,,,,,,,
,,,,,1.0,,,1.0,,1.0,,1.0,,,1.0,,1.0,2.0,,,,,,,,,,,,1.0,,,,,,,,,,,,1.0,1.0,1.0,2.0,,1.0,,,,2.0,,2.0,,,,,1.0,,,,,1.0,2.0,2.0,,,wVr6KBp_iZ015QagT3588Q,,1.0,1.0,,,1.0,,,,,,,,,,,,,,1.0,,2.0,,,,,,1.0,,,2.0,,1.0,,,,,1.0,,,,,,,,,2.0,1.0,,,,,1.0,,1.0,1.0,,,,2.0,,,,1.0,,1.0,1.0,,,,,1.0,,,,,,1.0,1.0,,,,,,,1.0,1.0,1.0,1.0,1.0,,,1.0,,,1.0,,,1.0,
,,,,,,,,,,,,,,,,,,,,,,,,,,,,,,,,,,1.0,,,,,,,,,,,,,,,,,1.0,,1.0,,,,1.0,,,,,,,,,,,nPatYo3wQ7tcvx7nzOU4GQ,,,,,,,,,,,,,,,,,,,,,,,,,1.0,,,,,,,,1.0,,,,,,,,,,,,,,,,,1.0,,,,,,,,,,,,,,,,,,,,,,,,,,,,,,,,,,,,,,,,,,,,,,,,,,
10.0,11.0,15.0,18.0,16.0,1.0,2.0,7.0,5.0,37.0,13.0,22.0,24.0,25.0,26.0,23.0,26.0,21.0,22.0,11.0,52.0,34.0,6.0,10.0,18.0,30.0,2.0,25.0,10.0,10.0,12.0,15.0,47.0,6.0,56.0,20.0,42.0,41.0,7.0,21.0,20.0,11.0,20.0,26.0,16.0,52.0,21.0,55.0,27.0,28.0,11.0,17.0,24.0,43.0,12.0,1.0,20.0,29.0,23.0,18.0,6.0,2.0,7.0,25.0,23.0,17.0,19.0,18.0,1TTQ41NqKks69GltQSQNIA,45.0,39.0,45.0,7.0,24.0,39.0,21.0,26.0,8.0,16.0,19.0,22.0,5.0,1.0,18.0,14.0,18.0,25.0,14.0,2.0,19.0,13.0,1.0,7.0,47.0,12.0,4.0,8.0,39.0,3.0,41.0,6.0,61.0,13.0,16.0,10.0,10.0,36.0,4.0,23.0,43.0,4.0,41.0,1.0,3.0,1.0,29.0,2.0,26.0,54.0,17.0,27.0,13.0,4.0,3.0,15.0,50.0,16.0,4.0,8.0,4.0,17.0,4.0,31.0,3.0,4.0,5.0,2.0,35.0,20.0,,37.0,19.0,7.0,3.0,26.0,5.0,18.0,10.0,41.0,32.0,8.0,26.0,41.0,50.0,6.0,8.0,16.0,33.0,19.0,1.0,21.0,26.0,30.0,27.0,10.0,31.0,24.0,7.0,43.0
,,,,,,,,,,,,,,,,,,,,,,,,,,,,,,,,,,,,,,,,,,1.0,,,,,,,,,,,,,,,,,,,,,,,,,,-HiToqemWwSW2vg7PITWYg,,,,,1.0,,,,,1.0,,,,,,,,,,,1.0,,,,,,,,,,,,,,,,,,,,,,,,,,,,,,,,,,,1.0,,,,,,,,,,,,,,,,,,,,,,,,,,,,,,,,,,,,,,,,,,,,
,,,,,,,,,,,,,,,,,,,,,,,,,,,,,,,,,,,,,,,,,,,,,,,,,,,,,,,,,,,,1.0,,,,,,,,_-I6NzbB5ScsUo-r1yTF7Q,,,,,,,,,,,,,,,,,,,,,,,,,,,,,,,,,,,,,,,,,,,,,,,,,,,,,,,,,,,,,,,,,,,,,,,,,,,,,,,,,,,,,,,,,,,,,,,,,,,,
,,,,,,,,,,,,,,,,,,,,,,,,,,,,,,,,,,,,,,,,,,,,,,,,,,,,,,,,,,,,,,,,,,,,30QeX9bXmjYqrhZlpomFsw,,,,,,,,,,,,,,,,,,,,,,,,,,,,,,,,,,,,,,,,,,,,,,,,,,,,,,,,,,,,,,,,,,,,,,,,1.0,,,,,,,,,,,,,,,,,,,,,,,,,,,,
,,,,,,,,,,,,,,,,,,,,,,,,,,,,,,1.0,,,,,,,,,,,,,,,,,,,1.0,,,,,,,,,,,,,,,,,,,sFNKot2aT67HFOxA9fZwdA,,,,,,,,,,,,,,,,,,,,,,,,,,,,,,,,,,,,,,,,,,,,,,,,,,,,,,,,,,,,,,,,,,,,,,,,,,,,,,,,,,,,,,,,,,,,,,,,,,,,
,,,,,,,,,,,,,,,,,,,,,,,,,,,,,,,,,,,,,,,,,,,,1.0,,,,,,,,,,,,,,,,,,,,,,,,3QFMYbq089ptvxvqzsl7tQ,,,1.0,,1.0,,,,,,,,,,,,,,,,,,,,,,,,,,,,,,,,,,,,,,,,,,,,,,,,,,,,,,,,,,,,,,,,,,,,,,,,,,,,,,,,,,,,,,,,,,,,,,,
1.0,,,,,,,,1.0,,,5.0,,,2.0,1.0,,1.0,1.0,,,,,,,1.0,,2.0,,3.0,,,,,,2.0,4.0,,,1.0,,,3.0,,,,3.0,,,1.0,,,,,,,,,1.0,,,,,,1.0,,1.0,,txUYOt6MpOPtcdC7E5i_vA,,,1.0,,3.0,,2.0,2.0,,5.0,1.0,,,,1.0,1.0,3.0,,,,,,,,1.0,1.0,,,,,,,,2.0,,,,,,2.0,1.0,,,,,,1.0,,,1.0,1.0,,,,,,3.0,,,,,,,,,,,,,,1.0,1.0,2.0,,,2.0,1.0,1.0,1.0,,,,,,1.0,,1.0,2.0,2.0,,,,,,2.0,,,1.0,,1.0
,,2.0,1.0,,,,,,,,2.0,,2.0,4.0,,1.0,2.0,1.0,,2.0,,,,,2.0,,2.0,,1.0,,,,,5.0,,5.0,,,2.0,,,,1.0,,1.0,,2.0,,,,2.0,2.0,3.0,,,,,2.0,,,,,1.0,,,,2.0,S00NXVVucdBBZqFy4Z295w,,4.0,6.0,,,,,1.0,,,2.0,,,,1.0,,,,,,4.0,,,,5.0,,,,,,,,1.0,,,,,2.0,,,,,,,,,,,,2.0,,1.0,,,,1.0,1.0,,,,,,,,,,,,2.0,,,1.0,1.0,,,3.0,,,,1.0,,,,5.0,,,,,,,,,4.0,,1.0,,,2.0,,1.0
,,1.0,,2.0,,,,,,,,,,,,,,,,,,,,,,,,,,,,,,,,,,,,,,,,,,,,,,,,,,,,,,,,,,,,,,,,qJJQLoCQtF1xN-coV_b7uA,,,,,,,,1.0,,1.0,,,,,,,,,,,,,,,,,,,,,,,,,,,,,,,,,,,,,,,,,,,,,,,,,,,,,,,,,1.0,,,,,,,,,,,,1.0,,,1.0,,,,,,,,,,,,,,,,,,
,1.0,,,,,,,,,,,,,,,,,,,,,,,,,,,,,,,,,,,,,,,,,,,,,,,,,,,,,,,,,,,,,,,,,,,DM0AQ9BVDlYovcMnkGQ_LQ,,,,,,,,,,,,,,,,,,,,,,,,,,,,,,,,,,,,,,,,,,,,,,,,,,,,,,,,,,,,,,,,,,,,,,,,,,,,,,,,,,,,,,,,,,,,,,,,,,,,
,,,,,,,,,,,,1.0,,,,,,1.0,1.0,,,,,,,,,,,,,1.0,,,,2.0,,,1.0,,,,,,,,,,,,,,,,,,,,,,,,,,1.0,,1.0,26w-tGhpbyhBvdtfswwlfQ,,,,,,,,,,,,,,,,,,,,,,,,,,,,,,,,,1.0,,,,,,,,1.0,,,,,,1.0,,,,,,,,,,,,,,,,,1.0,,,,,,,,,,,,,,,,,,,,,,,,,,1.0,,,,,,,,,,
2.0,,1.0,1.0,,,,,,,,,,,4.0,,2.0,,,1.0,5.0,,,,,,,3.0,1.0,,,,4.0,,4.0,1.0,2.0,,,2.0,,,1.0,,,1.0,1.0,1.0,,4.0,,1.0,1.0,2.0,,,1.0,2.0,1.0,,,,,,,,1.0,2.0,G0fJevNCaEItQQoksN4r2A,,2.0,,,,,3.0,,,,1.0,,,,1.0,,5.0,,,1.0,1.0,,,,3.0,,,,,,3.0,,,2.0,,,,2.0,,2.0,2.0,,2.0,,,,,,1.0,1.0,,3.0,,,,3.0,2.0,,,,,,,2.0,,,,,1.0,,,3.0,,,,,,2.0,1.0,,,,,1.0,,,,2.0,1.0,,,,,2.0,4.0,,,,,1.0
,,,,,,,,,,,,,,,,,,,,,,,,,,,,,,,,,,,,,,,,,,,,,,,,,,,,,,,,,,,,,,,,,,,,1i1RPmTmwQmSmv2Pua0s3A,,,,,1.0,,,,,,,,,,,,1.0,,,,,,,,,,,,,,,,,,,,,,,,,,,,,,,,,,,,,,,,,,,,,,,,,,,,,,,,,,,,,,,,,,,,,,,,,,,,,,,,,,,
,,,,1.0,,,,,,,,,,,,,,,,,,,,,,,,1.0,,1.0,,,,,1.0,1.0,,,,,,,,,,1.0,,,,,1.0,,,,,2.0,1.0,,,2.0,,,1.0,,,1.0,,RleTq9ZOSE2ymZwxtRkEtg,,,,2.0,2.0,,,1.0,,,,,,,1.0,,1.0,,,,,,,,,,,,,,,,,,,,,,,,,,,,,,,,,1.0,,,,,,,,,,2.0,,,,,,,,1.0,,,,,,,,,,,1.0,,,,,,,,,1.0,,,,,,,2.0,,,,1.0,
,,,,,,,,,,,,,,,,,,3.0,,,,,,,,,,1.0,,,,,,,1.0,,,,,,,,,,,,,,,,,,,,,,,,,,,,1.0,,,,,qhC017w_CxxJYrGs8tGBRw,,,,,,,1.0,,,,,,,,,,1.0,,,,,,,,,,,,,,,,,,,,,,,,,,,,,,,,,,,,,,,,,,,,,,,,,,,,,,,,,,,,,,,,,,,,,,,,,,,,,,,,,,,
,,,,,,,,,,,,,,,,,,,,,,,,,,,1.0,,,,,,,,1.0,,,,,,,,,,,,,,,,,,,,,1.0,,,,,,,,,,,,HzXV1gS9dS7AMWlf9tfycQ,,,,,,,,,,,,,,,,,,,,,,,,,,,,,,,,1.0,,,,,,,,,,,,,,,,,,,,,,,,,,,,1.0,,,,,,,,,,,,,,,,,1.0,,,,,1.0,,,,,,,,,,,,,1.0,,,,,
2.0,1.0,2.0,1.0,1.0,,1.0,,1.0,,,2.0,1.0,2.0,2.0,,1.0,3.0,,1.0,1.0,1.0,1.0,1.0,,3.0,,1.0,1.0,2.0,1.0,,5.0,,2.0,1.0,2.0,4.0,,2.0,,,1.0,2.0,1.0,2.0,,3.0,2.0,2.0,,,1.0,2.0,,1.0,1.0,1.0,,,1.0,,,,1.0,1.0,,2.0,HToSpEtu0pxzcRuaIm5sKg,3.0,3.0,2.0,1.0,,,3.0,3.0,2.0,2.0,2.0,,,1.0,1.0,,1.0,,,,3.0,,1.0,,,1.0,,,,,,2.0,4.0,4.0,,,,2.0,,,1.0,,4.0,1.0,,1.0,2.0,1.0,,,1.0,1.0,,,,2.0,,3.0,,,2.0,2.0,,,1.0,1.0,,,3.0,,,2.0,2.0,,,3.0,1.0,,,,1.0,2.0,2.0,,2.0,1.0,,1.0,2.0,,,1.0,2.0,,1.0,,1.0,,,2.0
,,,1.0,,,,,,,,,,,,,,,,1.0,1.0,,,,,1.0,,,,1.0,,1.0,,,,1.0,,,,,,,,,,,,,,,,,,,,,,,,,,,,1.0,,,1.0,,Hj7MZR3N83tBfJieNOX3Ag,,,,1.0,1.0,,,,,,,,,,,,1.0,,,,,,1.0,,,1.0,,,1.0,,,,,,,,,,,1.0,1.0,,,,,,,,,1.0,,1.0,,,,,,,1.0,,,3.0,,,,1.0,,,,,,,1.0,,,,1.0,,,,,,,,,,1.0,,1.0,,1.0,,,,1.0,,1.0,2.0,,
1.0,,,,,,,,,,,,,,,,,,,,,,,,,,,,,,,,,,,,,,,,,,,,,,,,2.0,,,,1.0,1.0,,,,,2.0,,,,,,,,,,PkNVYBczFG4RsRM6w7hQHA,,,1.0,,,,,,,,,,,,,,1.0,,,,,,,,1.0,,,,,,,,,,,,,1.0,,1.0,,,,,,,,,,,,,,,,,,,,,,,,,,,,,,,,,,,,,,1.0,,,,,1.0,1.0,,,,,,,,,1.0,,1.0,,,,,1.0
,,1.0,,,,,,,1.0,,,,,,,,,,1.0,1.0,,,,,4.0,,,1.0,2.0,,,,,1.0,,3.0,,,,,,1.0,,2.0,,,1.0,,,,8.0,2.0,,,,,,3.0,,,,,,,,,,ZeCzOEDo8ud3-21YNcaMKQ,,2.0,,,,,2.0,,,,,,,,1.0,1.0,2.0,,,,,,,,2.0,,,,,,,,1.0,,,,,,,,,,,,,,,,,,,,,,,1.0,2.0,,,,,3.0,,,,,,,,,,,,,,,,,2.0,,,,,,,,,,,,,,,1.0,,,,2.0,,
,,,,,,,,,,,,,,,,,,,,,,,,,,,,,,,,,,,,,,,,,,,,,,,,,,,,,,,,1.0,,,,,,,,,,,,Uj9WU0wMWegHGBCyRqq1xQ,,,,,,,,,,1.0,,,,,,,,,,,,,,,,,,,,,,,,,,,,,,,,,1.0,,,,,,,,,,,,,,,,,,,,,,,,,,,,,,,,,,,1.0,,,,,,,,,,,,,,,,,,,,,,
,,,,,,,,,,,,,,,,,,,,,,,,,,,,,,,,,,,,,,,,,,,,,,,,,,,,,,,,,,,,,,,,,,,,pQGiufbvJ_dxxKzpziowGQ,,,,,,,,,,,,,,,,,,,,,,,,,,,,,,,,,,,,,,,,,,,,,,,,,,,,,,,,,1.0,,,,,,,,,,,,,,,,,,,,,,,,,,,,,,,,,,,,,,,,,,1.0,
,,,1.0,1.0,,,,,,,,,,,,,,1.0,3.0,,,,,,,1.0,2.0,1.0,,,,,,,1.0,2.0,,,,,,,,1.0,,,,,,,,,,,2.0,1.0,1.0,,,,,,,,,,,-EX863eYHS-cutthfYhG7A,,,,,1.0,,,1.0,,,,,,,1.0,,,,,,,,,,,,,,,,,,,,,,,,,,,,,,,,,,4.0,,,,,,,2.0,,,,,,,,,,,,,,,,,,,,,,,1.0,,,,,,,,,,,,2.0,,,,1.0,,,,,
1.0,,,2.0,1.0,,,,,,,1.0,,,,,,,1.0,1.0,,,,,,,,,,,,,,,,1.0,1.0,,,,,,1.0,,,,,,,,,,,,,,1.0,,,,,,,3.0,,,1.0,,pHIXSkNnt14WtNDO7Xr3JA,,,,,,,,1.0,1.0,2.0,,,,,,,,,,,,,,,,,,,,,,,,,,,,,,,,,,,,,,,,,,,,,,,,,,,,1.0,,,,,,,,,,,2.0,,,,,1.0,,,,,2.0,,,,,,1.0,,,,,,,,,,,
,,,,,,,,,,,,,,,,,,,,,,,,,,,,,,,,,,,,,,,,,,,,,,,,,,,,,,,,,,,,,,,,,,,,tA8geApJsS8uRe0p4qQeZg,,,,,,,,,,,,,,,,,,,,,,,,,,1.0,,,,,,,,,,,,,,,,,,,,,,,,,,,,,,,,,,,,,,,,,,,,,,,,,,,,,,,,,,,,,,,,,,,,,,,,,,
5.0,1.0,1.0,,4.0,,,,,,,2.0,,,,,,1.0,,1.0,1.0,,,1.0,,,2.0,1.0,7.0,3.0,2.0,,,,2.0,2.0,6.0,,,,,,1.0,,3.0,,,,4.0,,,,,,,,3.0,1.0,2.0,,2.0,,,2.0,,,,,hbU9i9ajkai8OnTMxiMThA,,4.0,,4.0,2.0,,3.0,2.0,,,1.0,,,,,,2.0,,,1.0,1.0,,,,5.0,7.0,,,,,,,,2.0,,,,,,,,,,,,,,2.0,1.0,1.0,,,,,,3.0,,2.0,,2.0,,5.0,,,,,,,,,,,1.0,,,1.0,7.0,2.0,2.0,,,,,,,1.0,1.0,1.0,2.0,,1.0,,2.0,,2.0,,,2.0,1.0,3.0
,,,,,,,,,,,,,,,,,,,,,,,,,,,,,1.0,,,,,,,,,,,,,,,,,,,,,,,,,,,,,,,,,,,,,,,am5vjjDa46yNxMnH3v_McA,,,,,,,,,,,,,,,,,,,,,,,,,,,,,,,,,,,,,,,,,,,,,,,,,,,,,,,,,,,,,,,,,,,,,,,,,,,,,,,,,,,,,,,,,,,,,,,,,,,,
,,3.0,1.0,1.0,,,,,,,,,,,,,,,,,,,,,,2.0,,,,,,,,,2.0,1.0,,,,,,1.0,,,,1.0,,,1.0,,,1.0,,,1.0,1.0,,,,,,,1.0,,,,,miVPtdbi2xGoZUmYDXZpCQ,,,1.0,,,,,1.0,,,1.0,,,3.0,4.0,,1.0,,1.0,,1.0,,1.0,,1.0,,,,,,,,,,,,,,,2.0,,,,,,1.0,,,,2.0,,,,,,1.0,,1.0,,,,,2.0,,,4.0,,,1.0,,,,,,,3.0,,1.0,2.0,,,1.0,,1.0,,1.0,,1.0,2.0,,,,,,2.0,,,1.0,,
,1.0,,,,,,,,,,,,,1.0,,,,,,,,1.0,,,,,,,,1.0,,,,,,,,,,,,,,,,1.0,,,,,,,,,,,,,,,,1.0,,,,,,Tp9cP8DVYXD4_AxCYtEo1w,1.0,,,,,,,,,,1.0,,,,,,1.0,,,,,,,,,,,,,,,,,,,,1.0,,,,,,,,,,,,1.0,,,,,,,,,,,,,,1.0,,,,,,,,,,,,,,,,,,,,,2.0,,,,1.0,,,1.0,,,,,,,,,
,,,,,,,,,1.0,,,,,,,,,,,,,,,,,,,,,,,,,,,,,,1.0,,,,,1.0,,,,,,,1.0,,,,,,,,,,,,,,,,,ABgeUaVsMEqkcOI4bWsj2Q,,1.0,,,,,,,,,,,,,,,,,,,,,,,,,,,,,,,,,,,,,,,,,,,,,,,1.0,1.0,,,,,,,,,,,,,,1.0,,,,,,,,,,,,,,,1.0,,,,,,,,,,,,,,,,,,,,,
,1.0,,,1.0,,,,,,,,,,,,,,,,,,,,,,,,,2.0,,,,,,2.0,,,,1.0,,,,,,,1.0,1.0,,,,1.0,,1.0,,,1.0,,,,1.0,,,1.0,,,,,Kf7BkRyLGCvpScweezL-cg,,,1.0,,,,,1.0,,,,,,,1.0,,,,,,,,,,,,,,,,,,,,,,,,,1.0,,,,,,,,,,,,,,,,,1.0,,,1.0,,1.0,,,,,,,1.0,,,,,,,1.0,,,,,,1.0,,,,,,,,,,,2.0,,,,,,,
4.0,1.0,40.0,23.0,5.0,,,,,28.0,,13.0,7.0,20.0,24.0,5.0,12.0,17.0,17.0,3.0,33.0,16.0,,1.0,8.0,49.0,,9.0,2.0,12.0,5.0,1.0,41.0,2.0,22.0,,22.0,10.0,,11.0,3.0,1.0,11.0,11.0,13.0,43.0,3.0,59.0,10.0,48.0,2.0,16.0,68.0,46.0,1.0,,1.0,38.0,17.0,,1.0,,,11.0,20.0,3.0,9.0,37.0,QlJztL2aGEXgejgi5JM9Xg,20.0,42.0,35.0,3.0,6.0,5.0,10.0,27.0,4.0,15.0,13.0,1.0,,1.0,13.0,4.0,15.0,4.0,3.0,,17.0,1.0,,,32.0,2.0,2.0,,9.0,,75.0,,48.0,5.0,4.0,1.0,1.0,68.0,,5.0,14.0,,38.0,,,,24.0,,21.0,42.0,12.0,29.0,,,,14.0,24.0,3.0,,,,29.0,,34.0,,,,,32.0,3.0,,46.0,19.0,,1.0,30.0,1.0,7.0,4.0,14.0,7.0,,11.0,28.0,12.0,,,11.0,24.0,6.0,1.0,2.0,14.0,36.0,4.0,,4.0,30.0,,17.0
,,2.0,2.0,,,,,,,,,,,,,,,,,2.0,,,,,,,,,,,,1.0,,1.0,,,,,,,,,,,,1.0,1.0,1.0,1.0,,,,2.0,,,,,1.0,,,,,1.0,,,,,3Vi_I-TPwrrkfP99jxLVXg,1.0,,2.0,,,,1.0,2.0,,,,,,,1.0,,,,,,,,,,1.0,,,,,,1.0,,,,,,,,,,,,,,,,,,,,,1.0,,,,,,,,,,,,,,,,,,,,,1.0,,,,,,1.0,,,,1.0,1.0,,,,,,,,,1.0,,,,1.0,1.0,,1.0
,,,,,,,,,,,,,,,,,,,,,,,,,,,,,,,,,,,,1.0,,,,,,,,,,,,,,,,,,,1.0,1.0,,,,,,,,,,,,jw7bfC2tVHL_6gkqg9DDPg,,,1.0,,,,2.0,,,1.0,,,,,,,,,,,,,,,,,,,,,,,,1.0,,,,,,1.0,,,,,,,,,,,,,,,,,,,,,,,,,1.0,,,,1.0,,,,,,,,,,,,,,1.0,,,,1.0,1.0,,,,,,,,,,,,1.0
,,,,,,,,,,,,,,,,,,,,,,,,,1.0,,,,,,,,,,,,,,,,,,1.0,,,,,,,,,,,,,,,,,,,,,,,,,UQG6eB8wv7ytI7fnUFJH2g,,,,,,,,,,1.0,,,,,,,,,2.0,,,,,,,,,,,,,,,,,,,,,,,,,,,,,,,,,,,,,,,,,,,,,,,,,,1.0,,,1.0,,,,,,,1.0,,,,,,,,,,,1.0,,,,,,,,,,
,,,,,,,,,,,,,,,,,,,,,,,,,,,,,,,,,,,,,,,,,,,,,,,,,,,,,,,,,,,,,,,,,,,,yk4d81xgwrXJvoWMxWftvw,,,,,,,,1.0,,,,,,,,,,,,,,,,,,,,,,,,,,,,,,,,,,,,,,,,,,,,,,,,,,,,,,,,,,,,,,,,,,,,,,,,,,,,,,,,,,,,,,,,,,,,
3.0,,,1.0,1.0,,,,1.0,,,,,,1.0,,,,,1.0,1.0,1.0,1.0,,,,,,2.0,,2.0,,1.0,,1.0,,,,,,,,,1.0,1.0,2.0,2.0,,2.0,2.0,,,1.0,1.0,,,,1.0,,,,,,1.0,,,,,-_xSWL2yxziy9aDHH6swBw,,,1.0,1.0,,,,,,,,,,,2.0,,1.0,,1.0,,,,,,1.0,1.0,,,,,,,,,,,1.0,2.0,,,,,1.0,,,1.0,,,,2.0,,1.0,,,,1.0,,,,1.0,,,,,,1.0,,,1.0,,,,2.0,,,2.0,,,1.0,,,,1.0,,,,,,1.0,,,,,,1.0,1.0,,,,
,,,,,,,,,,,,,,,,,,,,,,,,,,,,,,,,,,,,,,,,,,,,,,,,,,,,,,,,,1.0,,,,,,,,,,,h4pN1mR8OUSYog9tU9gC7g,,,,,,,,,,,,,,,,,,,,,,,,,,,,,,,,,,,,,,,,,,,,,,,,,,,,,,,,,,,,,,,,,,,,,,,,1.0,,,,,,,,,,,,,,,,,,,,,,,,,,,,
,,1.0,1.0,,,,,,,,,,,2.0,,1.0,,,2.0,2.0,,,,,4.0,,,,1.0,1.0,,,,,3.0,1.0,,,,,,1.0,,,1.0,2.0,,1.0,,,,,5.0,,,,1.0,1.0,,1.0,,,,,,,,PozD8qMsDRhj5VhzhbIFDA,,1.0,3.0,,1.0,,1.0,,1.0,,,,,,1.0,,1.0,,,,,,,,3.0,,,,,,,,,,,,,2.0,,,,,,,,,,,1.0,,,1.0,,,,,,,,,,1.0,,,,,,,,,,2.0,1.0,,,2.0,,,,,,,4.0,1.0,,,,1.0,3.0,,,,1.0,,,,,,,
,,,,,,,,,,,,,,,,,,,,,,,,,,,,,,,,,,,,,,,,,,,,,,,,,,,,,,,,,,,,,,,,,,,,pmnOFHxbb_p5eJa1gLEhIw,,,,,,,,,,,,,,,,,,,,,,,,,,,,,,,,,,,,,,,,,,,,,,,,,,,,,,,,,,,,,,,,,1.0,,,,,,,,,,,,,,,,,,,,,,,,,,,,,,,,,,,
,,8.0,1.0,,,,,,2.0,,4.0,1.0,2.0,4.0,,4.0,4.0,7.0,,3.0,3.0,,,,4.0,,4.0,1.0,1.0,2.0,,3.0,1.0,6.0,,4.0,,,3.0,,,8.0,,3.0,5.0,,2.0,,3.0,,4.0,2.0,4.0,,,,4.0,3.0,,,,,3.0,1.0,,2.0,9.0,s4sr0anCKMyQw53xNv6DQA,2.0,2.0,3.0,,6.0,,5.0,5.0,,7.0,4.0,,,,4.0,,3.0,,,,2.0,,,,4.0,1.0,,,,,6.0,,4.0,,,,,4.0,,5.0,,,3.0,,,,3.0,,5.0,7.0,2.0,3.0,,,,3.0,5.0,,,,,5.0,,5.0,1.0,,,,9.0,,,5.0,3.0,,,7.0,,6.0,1.0,1.0,2.0,,6.0,1.0,1.0,,,5.0,5.0,1.0,,,4.0,3.0,2.0,,,2.0,,2.0
,,,,,,,,,,,,,,,,,,,,,,,,,,,1.0,,,,,,,,,,,,,,,,,,,,,,,,1.0,1.0,1.0,,,,,,,,,,,,,,,VEW0HZXm88-7ET0rzbdL0A,,,,,,,,,,,,,,,,,,,,,1.0,,,,,,,,,,,,,,,,,,,,,,,,,,,,,1.0,,,,,,,,,,,,,,,,,,,,,,1.0,,,,,,,,,,,,1.0,,,,,,,,,,,,,,,1.0,
,,,,,,,,,,,,,,,,,,,,,,,,,,,,,,,,,,,,,,,,,,,,,,,,,,,,,,,,,,,,,,,,,,1.0,,SiPmSCEsvJd8NAZ6rtHkzA,,,,,1.0,,,,,,,,,,,,,,,,,,,,,,,,,,,,,,,,,,,,,,,,,,,,,,,,,,,,,,,,,,,,,,,,,,,,,,,,,,,,,,,,,,,,,,,,,,,,,,,
,,,,,,,,,,,,,,,,,,,,,,,,,,,,,,,,,,,,,,,,,,,,,,,,,,,,,,,,,,,,,,,,,,,,Sbh5IGHo454abMGDfVYQDw,,,,,,,,,,,,,,,,,,,,,1.0,,,,,,,,,,,,,,,,,,,,,,,,,,,,,,,,,,,,,,,,,,,,,,,,,,,,,,,,,,,,,,,,,,,,,,,,,,,,,,,
,,,,2.0,,,,,,,,,,,,,,,,,,,,,,,,,,,,,,,,1.0,,,,,,,,,,,,1.0,,,,,,,,,,2.0,,,,,,,,,,ZTBAuu455gxqwMOe1OgA6g,,,,,,,2.0,,,,,,,,,,,,,,,,,,,,,,,,,1.0,,,,,,,,,,,,,,,,,,,,,,,,,1.0,,,,1.0,,,,,,,,,,,,,,,,,,,,,,,1.0,,1.0,,,1.0,,,,,,,1.0,,,,1.0
,,,1.0,,,,,,,,,,,,,,,,,,,,,,,,2.0,,1.0,,,,,,,,,,,,,,,,,,,1.0,,,1.0,,,,,,,,,,,,1.0,,,,,DPuJadr9b2qTYi6tUIKMxQ,,,2.0,,,,,,,,,,,,,,,,,,,,,,,,,,,,,,,,,,,,,1.0,,,,,,,,,,,,,,,,,2.0,,,,,1.0,,1.0,,,,,1.0,,,,1.0,,,,,1.0,,,,1.0,,,,,,,1.0,,,,,,,,,,,
6.0,3.0,2.0,4.0,5.0,,,,,,,3.0,1.0,,2.0,,,3.0,4.0,3.0,1.0,,2.0,3.0,,3.0,2.0,5.0,2.0,5.0,4.0,,,,,4.0,1.0,,,8.0,,,3.0,,5.0,,,,,,,7.0,,3.0,1.0,2.0,3.0,,4.0,,1.0,,,7.0,,,6.0,1.0,7S_L-3ggy4YpFr50Q08fcQ,1.0,1.0,8.0,11.0,4.0,,3.0,7.0,5.0,4.0,4.0,,,,7.0,,9.0,,,,4.0,,,1.0,,6.0,,,,,,,,2.0,,,,3.0,,5.0,,,,,,,1.0,,5.0,1.0,,,,,,7.0,,,,,1.0,2.0,1.0,,2.0,1.0,,,8.0,,,1.0,9.0,,,6.0,4.0,4.0,1.0,,,3.0,6.0,,,,,6.0,2.0,,2.0,,5.0,2.0,7.0,1.0,,,,
,,3.0,,,,,,,1.0,,2.0,,1.0,,1.0,,1.0,,1.0,4.0,,,,,2.0,,2.0,,5.0,,,3.0,,,1.0,,,,,,,2.0,,7.0,1.0,,1.0,,1.0,,,2.0,,,,,,,,,,,,1.0,,7.0,,AP00pQL0bAC9WzerOOhmtA,1.0,,2.0,,1.0,,6.0,2.0,,2.0,,,,,,,1.0,,,,,,,,2.0,,,,,,6.0,,3.0,,,,,7.0,,1.0,,,2.0,,,,,,3.0,4.0,,5.0,,,,,1.0,,,,,4.0,,2.0,,,,,2.0,,,3.0,,,,,,,1.0,,,,,1.0,,,,6.0,,,,,1.0,1.0,,,,1.0,,2.0
,1.0,1.0,1.0,1.0,1.0,,,,6.0,1.0,2.0,,2.0,7.0,,3.0,5.0,1.0,,3.0,3.0,,,,2.0,,4.0,,1.0,,,2.0,,4.0,,3.0,,,9.0,,,2.0,2.0,1.0,2.0,,7.0,1.0,6.0,,1.0,4.0,5.0,,,,8.0,4.0,,,,,,1.0,,3.0,1.0,FqJ1SWEBhgVl66FrcsovOQ,1.0,4.0,5.0,,3.0,,2.0,,,2.0,3.0,,1.0,,1.0,1.0,3.0,,,,4.0,,,,1.0,,,,,,6.0,,8.0,,,,,1.0,,1.0,3.0,,3.0,,,,2.0,,7.0,7.0,2.0,6.0,,,,,3.0,,1.0,,,6.0,,7.0,,,,,4.0,,,1.0,4.0,,,3.0,,1.0,,2.0,2.0,,3.0,2.0,,,,3.0,6.0,,,,2.0,1.0,,,2.0,1.0,,1.0
,,,,,,,,,,,,1.0,1.0,,,,,,,1.0,,,,,,,,,,,1.0,,,,1.0,,,,,,,,,,,,1.0,1.0,,,,,,,,,,,2.0,,1.0,,,,,,,hSuE4NsohFGXm70BmnU_YQ,,,1.0,,,,,1.0,,,,,,,,,1.0,,,,1.0,,,,,,,,,,,,1.0,,,,,,,,,,,,,,,,,1.0,,,,,,,,1.0,,,,,,,,,,,,,,,,,,,,,1.0,,1.0,,1.0,,1.0,,,,,,,,1.0,,3.0,,,,,
,,,1.0,,,,,,1.0,,,,1.0,,,,,,,,,,1.0,,,,1.0,1.0,1.0,,,,,1.0,,,,,1.0,,,,,,,1.0,,,,,,2.0,,,,,,,,,,,,,,1.0,1.0,lV-QTE6phcGHYm5_zLINJw,,,1.0,,,,,,,,,,,,,,,,,,,,,,,,,,,,,,,,,,,1.0,,,,,,,,,,,,1.0,,1.0,,,,,,,,,,,,,,,,,,,,,,,,,,,,,,,,,,,,,1.0,,,,1.0,,1.0,,,,,1.0
,,,,1.0,,,,,,,,,,,,,,,1.0,,,,,,1.0,,,,,1.0,,,,,,,,,,,,,,,,,,,,,,1.0,,,,,,,,,,,,,,,,y8ffA7f2gIb4pnxgfljT5Q,,,,,,,,,,,,,,,,,,,,,,,,,,1.0,,,,,,,,,,,,,,,,,,,,,,,,,,,,,,,,,,,,,,,,,,,,,,,,,,,,,,,,,,,,,,,,,,,,,,,,,,1.0
,,,,1.0,,,,,,,,,,,,,,,2.0,,,2.0,,,,,1.0,,,,,,,,,,,,,,,,,,,,,,,,1.0,,,,,,,,,,,,,,,1.0,,0aMrF0FaZNGN7zVGx81lDA,,,,,,,,,,1.0,,,,,1.0,,,,,,,,,,,,,,,,,,,,,,,,,,,1.0,,,,,,,,,,,,,,,,,,,1.0,,,2.0,,,,,,,,,,,,,,,,,,,,,,,2.0,,,,1.0,,,,,,,,,
,,,,,,,1.0,,,,,,1.0,,,,,,,,,,,,1.0,,,,,,,1.0,,,,,,,,,,,,,,,,,,,,,,,,,,,,,,,,,,,,GhebTnGHklQcwZFI_F1FQg,,,,,,,,,,,,,,,,,,,,,,,,,,,,,1.0,,,,,,1.0,,,,,,,,,,,,,,,,,,,,,,,,,,,,,,,,,,,,,,,,,,,,,1.0,,,,,,,,,,,,,,,,,,,,
,,,,,,,,,,,,,,,,,,,,,,,,,,,,,,,,,,,,,,,,,,,,,,,,,,,,,,,,,,1.0,,,,,,,,,,BKIWIvfyj8vChwLceDi5Ag,,,,,,,,,,,,,,,,,,,,,,,,,,,,,,,,,,,,,,,,,,,,,,,,,,,,,,,,,,,,,,,,,,,,,,,,,,,,,,,,,,,,,,,,,,,,,,,,,,,,
1.0,,2.0,1.0,2.0,,1.0,3.0,,4.0,4.0,1.0,2.0,1.0,,4.0,3.0,,2.0,3.0,1.0,5.0,,,,4.0,1.0,,1.0,,,3.0,6.0,8.0,1.0,3.0,,3.0,2.0,1.0,2.0,3.0,1.0,7.0,,2.0,2.0,6.0,2.0,1.0,2.0,5.0,1.0,3.0,5.0,,,3.0,2.0,7.0,1.0,,,1.0,1.0,4.0,,3.0,FxhPnGuHqLHkBX9p1jm06Q,3.0,2.0,,1.0,4.0,5.0,,1.0,2.0,2.0,,2.0,2.0,,1.0,4.0,,4.0,1.0,,1.0,3.0,1.0,4.0,1.0,1.0,3.0,4.0,2.0,,5.0,2.0,5.0,1.0,5.0,2.0,4.0,2.0,1.0,2.0,1.0,2.0,,,1.0,,,,1.0,2.0,,,2.0,1.0,,,3.0,1.0,,,,1.0,1.0,2.0,1.0,,4.0,2.0,2.0,,,2.0,,,3.0,4.0,,1.0,1.0,2.0,6.0,1.0,,3.0,6.0,,,1.0,1.0,2.0,,4.0,1.0,1.0,1.0,1.0,,2.0,,2.0
,1.0,,,1.0,,,,3.0,,,,,,,1.0,,,,,,,1.0,,,,,,,,,,,,,1.0,,,,,,,,,,,3.0,,1.0,,,,,,,,3.0,,,,,,2.0,,,,,,7j0kor_fkeYhyEpXh4OpnQ,,,1.0,1.0,,,,2.0,,,,,,,,,,,,5.0,,,,,,4.0,,,,,,1.0,,,,,,,,,,,,1.0,,,,1.0,,,,,,,,1.0,,1.0,,1.0,1.0,,,,2.0,1.0,,,,,1.0,,,,,,,,,,,,,,,,,,,,1.0,,,,,2.0,,,6.0,1.0
2.0,2.0,6.0,5.0,,,,,,,,,,1.0,2.0,,,5.0,5.0,2.0,17.0,,2.0,5.0,,13.0,,3.0,4.0,1.0,3.0,,,,1.0,9.0,4.0,,,5.0,,,2.0,,5.0,,15.0,5.0,8.0,,,,2.0,12.0,,,5.0,,,,,,,2.0,,,3.0,,ruD4E_OMlfEXTdMV0lDFIg,,,8.0,,3.0,,2.0,12.0,2.0,5.0,4.0,,,,3.0,,,,,3.0,3.0,,1.0,,1.0,1.0,,,,,,2.0,1.0,7.0,,,,2.0,,6.0,,,,,,,,1.0,,2.0,,3.0,,,,,20.0,16.0,1.0,3.0,5.0,3.0,2.0,,,2.0,,1.0,8.0,,,1.0,1.0,,,9.0,5.0,4.0,4.0,,,1.0,5.0,1.0,,3.0,2.0,3.0,6.0,,1.0,,3.0,1.0,11.0,2.0,,,5.0,7.0
,,,,,,,,,,,,,,,,,,,,,,,,,,,,,,,,,,,,,,,,,,,,,,,,,,,,,,,,,,,,,,,,,,,,LSfoUBSkYfrrUKRGNEN2ZQ,,,,,,,,,,,,,,,,,,,,,,,,,,,,,,,,,,1.0,,,,,,,,,,,,,,,,,,,,,,,,,,,,,,,,,,,,,,,,,,,,,,,,,,,,,,,,,,,,,,,,,,
,,1.0,1.0,,,,,,1.0,,,,,,,,,,1.0,,,,,,,,,,,,,,1.0,1.0,,,,,,,,1.0,,,,,,,2.0,,,,2.0,,1.0,,1.0,,,,,,,1.0,,,,fTQfwAzGHf881JGBO9hhyA,,,,,,,1.0,2.0,,1.0,,2.0,,,1.0,,1.0,,,,,,,,1.0,,,,,,1.0,,,,,1.0,,,,,1.0,,1.0,,,,1.0,,,,,,1.0,,,,1.0,,,,,,,,,,,,,,,,,,,,,,,,,,,,,,,1.0,1.0,,,,1.0,,,,,,,
,,,,,,,,,,,,,,,,,,,,,,,,,,,,,,,,,,,,,,,,,,,,,,,,,,,,,,,,,,,,,,,,,1.0,,,G7KmakNQYBoNVQtdwtkWPw,,,,,,,1.0,,,,,,,,,,,,,,,,,,,,,,,,,,,,,,,,,,,,,,,,,,,,,,,,,,,,,,,,,,,,,,,,,,,,,,,,,,,,,,,,,,,,,,,,,,,,,
,,,1.0,,,,,,,,,,,,,,,,,,,,,,,,,,,,,,,,,,,,,,,,,,,,,,,,,,,,,,,,,,,,,,,,,7RuOHcVAblMhJPhDKmDLzg,,,,,,,,,,,,,,,,,,,,,,,,,,,,,,,,,,,,,,,,,,,,,,,,,,,,,,,,,,,,,,,,,,,,,,,,,,,,,,,,,,,,,,,,,,,,,,,,,,,,
,,,,,,,,1.0,,,,,,,,,,,1.0,,,,,,,,,,,,,,,,,,,,,,,,,,,,,,,,,,,,,,,,,2.0,,,,,,,,XQNM3D1sPyZw96x5z1f_eQ,,,,1.0,,,1.0,,,,,,,,,,1.0,,,,,,,,,1.0,,,,,,,,,,,,,,,,,,,,,,,,,,,,,,,,,,,1.0,,,,1.0,,,,,,,,,,,,,,,,,,,,,1.0,1.0,,,,,,,,,,,,,
1.0,,,,1.0,,,,,,,1.0,,,,,,1.0,,,,,,,,,,1.0,,,,,,,,,,,,,,,,,,,,,1.0,,,,,,,,,,,,,,,,,,,,SWP14dhDBi-_YC0beXGhOg,,,,,,,1.0,,,,,,,,,,,,,,,,,,,,,,,,,,,,,,,,,,,,,,,,,,,,,,,,,2.0,,,,,,,1.0,,,,,,,,,,,,,,,,,,,,,,,,,,,,,,,,,,,,,
2.0,2.0,1.0,,5.0,,1.0,,,,,,,,,,1.0,,1.0,2.0,1.0,,,2.0,,,,,1.0,5.0,3.0,,,,1.0,,1.0,,,1.0,,,1.0,,,,,,3.0,,,1.0,,,,,1.0,,1.0,,,,,,,,5.0,1.0,N3oEQ6N6c_T9_L5swRxdGw,,,1.0,7.0,,,3.0,,2.0,,,,,,,,,,,,1.0,,,,,4.0,,,,,,,,3.0,,,,,,2.0,,,1.0,,,,,,1.0,,,,,,,1.0,,,,,,1.0,2.0,,,,,,,,,,,1.0,,,4.0,1.0,1.0,,,,1.0,,,,1.0,1.0,2.0,,,,,,,,,3.0,,
,,,,,,,,,,,,,,,,,1.0,,,,,,2.0,,,,,,,1.0,,,,,,,,,1.0,,,,,1.0,,,,1.0,,,,,,,,,,,,1.0,,,,,,2.0,,QIjpDXsdiietWaCmA9rzrw,,,,1.0,,,,,,,1.0,,,,,,,,,,,,,,,,,,,,,,,,,,,,,,,,,,,,,,,,,,,,,,1.0,,,,,,,,,,,,,,,,1.0,,,,,,,,,2.0,,,,,,,,,,,1.0,,1.0,,,1.0,,
2.0,2.0,14.0,7.0,8.0,,,,2.0,1.0,,9.0,2.0,2.0,2.0,,1.0,7.0,9.0,3.0,11.0,,1.0,6.0,1.0,6.0,1.0,3.0,8.0,3.0,3.0,,3.0,,11.0,14.0,17.0,,,7.0,,,2.0,,3.0,5.0,12.0,6.0,11.0,3.0,,14.0,7.0,11.0,,1.0,13.0,5.0,5.0,,7.0,1.0,1.0,8.0,1.0,,5.0,4.0,p8H1RF75ByAEoGnzfNwVGA,3.0,9.0,11.0,5.0,3.0,,7.0,12.0,4.0,2.0,3.0,,,1.0,12.0,,6.0,,,2.0,8.0,,,,7.0,4.0,,1.0,,,3.0,,1.0,3.0,,,,6.0,,4.0,2.0,,4.0,,1.0,,1.0,1.0,4.0,10.0,,8.0,1.0,,,8.0,9.0,10.0,,15.0,2.0,4.0,1.0,4.0,,2.0,,,11.0,1.0,,4.0,11.0,,,17.0,5.0,4.0,5.0,,,3.0,5.0,11.0,,2.0,,2.0,17.0,1.0,7.0,,5.0,2.0,12.0,4.0,,7.0,7.0,7.0
,,,,,,,,,2.0,,2.0,,,1.0,,,,,,1.0,,,,,,,1.0,,,,,2.0,,,,1.0,,,,,,3.0,,,3.0,,2.0,,4.0,,,1.0,3.0,,1.0,,,1.0,,,,,,1.0,,,,yVzjjcyHNwAwZFBnWUbvnw,,,,,3.0,,,1.0,,1.0,1.0,,,,,,,,,,,,,,1.0,,,,,,1.0,,1.0,,,,,1.0,,,,,,,,,,,1.0,,,,,,,,2.0,,,,,2.0,,1.0,,,,,,,,1.0,,,,1.0,,,,,,,,,,,,2.0,,,,,,,,,,1.0,,1.0
,1.0,1.0,,,,,,,,,,,1.0,,,,,,,,,,,,1.0,,1.0,,,,,,,,,1.0,,,,,,,,,,,1.0,,,,,1.0,,,,,1.0,1.0,,,,,,,,,,NgvsZvgNdi_qgQHG5p2_ng,,,,,,,,,,,,,,,,,,,,,,,,,,,,,,,2.0,,2.0,,,,,,,,,,1.0,,,,,,,,,,,,,,,,,,,2.0,,,1.0,,,,,,,,,,,,,,,,,,,1.0,,,,,1.0,,,1.0,,,,,,,,
,,,,,,,,,,,,,,,,,,,,,,,,,1.0,,2.0,,,,,1.0,,,,,,,1.0,,,1.0,,,,,2.0,,,,,,,,,,,,,,,,1.0,,,,,PZdaGTufh9SpKvnEBUL4QA,,1.0,1.0,,1.0,,,,,,,,,,,,,,,,,,,,,,,,,,,,,,,,,1.0,,,,,,,,,,,1.0,,,,,,,,,,,,,1.0,,,,,,,1.0,,,,2.0,,,,,1.0,,,,,,,,,,1.0,,,,,,,,,,,,1.0
,,,,,,,,,,,,,,,,,,,,,,,,,,,,,,,,,,,,1.0,,,,,,,,,,,,,,,,,,,,,,,,,,,,,,,,Jb0SZLgQafaMRSCt4NPBbQ,,,,,,,,,,,,,,,,,,,,,,,,,,,,,,,,,,,,,,,,,,,,,,,,,,,,,,,,,,,,,,,,,,,,,,,,,,,,,,,,,,,,,,,,,,,,,,,,,,,,
,,,,,,,,,,,,1.0,,,,,,,,,,,,,,,,,,,,,,,,,,,1.0,,,,,,,,,,,,,1.0,,,,,,,,,,,,,,,,pVc8ANT8w7DwHE1mkHhtgQ,,,,,,,,,,1.0,,,,,,,,,,,,,,,,,,,,,,,,,,,,,,,,,,,,,,,,,,,,,,,,,,,,,,,,,,,,,,1.0,,,,,,,,,,,,,,,,,,,,,,,,,,,,
,,2.0,1.0,,,,,,1.0,,,,,,,,,,,,,,,,2.0,,1.0,,,,,,,,,,,,,,,,2.0,,1.0,,,,,,,,2.0,,1.0,1.0,1.0,,,1.0,,,1.0,,,,,iVV6E4YFm_Y7bMudao_xXA,,,,,,,,,1.0,,,,,,,,,,,,,,,,,,,,1.0,,,,,,,,,,,1.0,,,,,,,,,,1.0,,,,,,,2.0,,,1.0,,,,,,,,,3.0,,,3.0,1.0,,,,,,,,,,,,,,,1.0,1.0,,,,,,,1.0,,1.0,,
,,,,2.0,,,,2.0,,,,,,,,,,,,,,3.0,1.0,,,,,,,,,,,,3.0,3.0,,,,,,,,,,3.0,,2.0,,,,,,,2.0,4.0,,,,,,,,,,,,wYPC1tpniUHEnttZkC9MiQ,,,,,,,,1.0,,,,,,,,,,,,,,,,,,,,,,,,,,,,,,,,,,,,,,,,,,1.0,,,,,,2.0,,2.0,,1.0,1.0,,1.0,,1.0,,,,2.0,,,,,,,,1.0,1.0,,,,1.0,,1.0,,,,,,,,,,,2.0,,,,,
3.0,,4.0,2.0,,,,,,1.0,,4.0,,3.0,9.0,1.0,,11.0,14.0,,14.0,1.0,,,,2.0,,3.0,1.0,1.0,,,3.0,,13.0,,5.0,,,10.0,,,3.0,2.0,,3.0,1.0,8.0,4.0,4.0,,14.0,5.0,4.0,,,,8.0,9.0,1.0,1.0,,,5.0,1.0,1.0,3.0,3.0,MROvBxYb-Za3YQT373qPsg,,12.0,7.0,2.0,1.0,,2.0,7.0,,4.0,4.0,,,,10.0,,12.0,1.0,,,8.0,,,,14.0,,,,,1.0,6.0,1.0,9.0,1.0,1.0,1.0,,6.0,,9.0,1.0,,2.0,,,,,,5.0,7.0,1.0,6.0,,,,3.0,9.0,,,1.0,,3.0,,4.0,2.0,1.0,,,18.0,,,11.0,8.0,,,10.0,1.0,6.0,2.0,1.0,,1.0,12.0,10.0,,,,3.0,10.0,,,1.0,12.0,2.0,5.0,,,13.0,,5.0
,,,,1.0,,,,,,,,,,,,,,,,,,,,,,,,,1.0,,,,,,,,,,,,,,,,,,,,,,1.0,,,,,,,,,,,,,,,,,A9YW9V7OifaVNDJTXUljsQ,,,,,,,,,,,,,,,,,,,,,,,,,,,,,1.0,,,,,,,,,,,,,,,,,,,,,,,,,,,,,,,,,,,,,,,,,,,,,,,,,,,,,,,,,,,,,,,,,,,,,,,
,1.0,2.0,,2.0,,,,,,,,,,1.0,,,1.0,,,1.0,,3.0,,,3.0,3.0,1.0,,4.0,1.0,,,,,3.0,1.0,,,3.0,,,,,3.0,1.0,,,1.0,,,,,,,6.0,1.0,2.0,,,2.0,1.0,1.0,1.0,,,,2.0,S1X3SMfKD_2PZ_X2A66G4w,,,,,1.0,,,4.0,2.0,,1.0,,,,1.0,,1.0,,,,,,,,,1.0,,,,,,,,,,,,8.0,,2.0,,,,,,,1.0,2.0,,,,7.0,,,,,1.0,,,,3.0,,,1.0,3.0,,,,,,,2.0,2.0,,,3.0,,,2.0,,,1.0,,1.0,,,5.0,,1.0,,3.0,,,,2.0,2.0,,,,
,,1.0,,,,,,,,,,,,,,,,,,,,,,,,,,1.0,,,,,,,,,,,,,,,,,,,,,,,,,,,,,,,,,,,,,,,,5w8gyOiqSAPTlrirVVi1Pw,,,,,,,,,,,,,,,,,,,,,,,,,,,,,,,,,,,,,,,,,,,,,,,,,,,,,,,,,,,,,,,,,,,,,,,,,,,,,,,,,,,,,,,,,,,,,1.0,,,,,,,
,,,,,,,,,,,,,,,,,,,,2.0,,,,,4.0,,,,,,,,,1.0,,3.0,,,,,,,,,,,,,,,,1.0,1.0,,,,,1.0,,,,,,,,,,ULRTpQTjRqeClP8FKHjWXw,,,,,,,,1.0,,,,,,,,,,,,,,,,,,,,,,,,,,,,,,,,,,,,,,,,,,,,,,,,,1.0,,,,,,,,,,,,,,,,,,,1.0,,,,,,,,,,,,,,,,,,,12.0,,,,,1.0
,,59.0,20.0,4.0,,,,,78.0,,51.0,10.0,67.0,43.0,4.0,31.0,13.0,15.0,4.0,35.0,39.0,,,4.0,68.0,,65.0,,36.0,3.0,1.0,94.0,1.0,83.0,3.0,161.0,10.0,,10.0,4.0,,43.0,17.0,27.0,99.0,51.0,134.0,163.0,75.0,,13.0,113.0,80.0,,,2.0,92.0,14.0,,3.0,,,8.0,38.0,6.0,41.0,83.0,IsoLzudHC50oJLiEWpwV-w,48.0,53.0,35.0,,39.0,5.0,34.0,162.0,1.0,32.0,30.0,,,,19.0,1.0,34.0,1.0,,,67.0,,,,39.0,2.0,1.0,,9.0,,130.0,,132.0,3.0,1.0,,,90.0,,23.0,51.0,,83.0,,,,46.0,,35.0,127.0,13.0,55.0,,,,31.0,158.0,2.0,,,1.0,61.0,1.0,79.0,1.0,,,,68.0,2.0,,106.0,8.0,,1.0,31.0,,9.0,2.0,47.0,19.0,2.0,14.0,40.0,7.0,,,42.0,116.0,2.0,,,34.0,66.0,41.0,,1.0,55.0,1.0,190.0
,,,,,,,,,,,,,,,,,,,,,,,,,,,,,,,,,,,,1.0,,,,,,,,,,,,1.0,,,,,,,,,,,,,,,,,,,,GC6UVoPAWA_fk0Z9bApBfw,,,,,,,,1.0,,,,,,,,,,,,,,,,,,,,,,,,,,,,,,,,,,,,,,,,,,,,,,,,,,,,,,,,,,,,,1.0,,,,,,,,,,,,,,,,,,,,,,,,,,,,,,,
,,,,,,,,,,,,,,,,,,,,,,,1.0,,,,,,,,,,,,,,,,,,,,,,,,,,,,,,,,,,,,,,,,,,,,,qSJ2w5HBf6SZn1zAzq8RTA,,,,,,,,,,,,,,,,,,,,,,,,,,,,,,,,,,,,,,,,,,,,,,,,,,,,,,,,,,,,,,,,,,,,,,,,,,,,,,,,,,,,,,,,,,,,,,,,,,,,
,,,,,,,,,,,,,,1.0,,,,,,,,,,,1.0,,,,,,,,,,,,,,,,,,,1.0,1.0,,,,1.0,,,3.0,,,,,,,,,,,,,,,1.0,BWTbccWHYd4vUspWSlB4Zg,,1.0,1.0,,,,,,,,,,,,,,,,,,,,,,,,,,,,1.0,,1.0,,,,,,,,,,,,,,,,1.0,,,,,,,1.0,2.0,,,,,,,,,,,,,,,,,,,,,,,,,,1.0,,,,,,,,,,,1.0,1.0,,,,,
,,1.0,,,,,,,,,,,,3.0,,,1.0,,,,,,,,2.0,,,,,,,,,,,,,,,,,,,,,,2.0,1.0,1.0,,,1.0,3.0,,,,,,,,,,,,,,,Cpsx6c52u6AoeP-8ezH9OQ,,,,,,,,1.0,,,,,,,,,,,,,,,,,,,,,,,1.0,,,,,,,1.0,,,,,,,,,,,,1.0,,1.0,,,,,1.0,,,,,,,,,,,,,,,,,,,3.0,,,,,,,1.0,,,,,,1.0,,,,,,,,,,,
,1.0,3.0,1.0,3.0,,,,,,,1.0,,,2.0,2.0,,4.0,4.0,3.0,,,,1.0,3.0,1.0,,1.0,1.0,,,,,,,,4.0,,,3.0,,,,,1.0,,,1.0,,,1.0,3.0,1.0,,,,,,2.0,1.0,,,,2.0,,,,,JbH3pufewPKbwwf68pHDsQ,,1.0,1.0,,3.0,,2.0,1.0,1.0,,3.0,,,,1.0,1.0,3.0,1.0,,,4.0,,,,,2.0,,,1.0,,3.0,,1.0,1.0,2.0,,,2.0,,1.0,,,,,,,1.0,,4.0,,,2.0,,1.0,,2.0,,,,,,12.0,,1.0,,,,,1.0,,1.0,,1.0,,1.0,,,4.0,1.0,,,,1.0,1.0,,,,6.0,1.0,,,1.0,1.0,,,,,1.0,,
,,,,,,,,,,,,,,,,,,,1.0,,,,,,,,1.0,,,,,,,,,,,,,,,,,,,,,,,,,,,,,,,,,,,,,,,,,f_WXOSlNpORwQreDEYdP-Q,,,,,,,,,,,1.0,,,,,,,,,,,,,,,,,,,,,,,,,,,,,,,,,,,,,,1.0,,,,,,,,,,,,,,,,,,,,1.0,,,,,,,,,,,,,,,,,,,,,,,,,,,,,1.0,,
,,,,,,,1.0,,1.0,,,,,,,,,1.0,,,,,,,,,,,,,,,,1.0,,,,,,,,,,,1.0,,,,,,,,,,,,,,,,,,,,,,,II2EQ4UKXcHbzT62uGacPw,,,,,,,,,,,,,,,,,,,,,,,,,,,,,,,,,,,,,,,,,,,,,,,,,,,,,,,,,,,,,,,1.0,,1.0,,1.0,,,,1.0,,,,,,,,,1.0,,,,1.0,,,,,,,,,,,,,,,,
2.0,,,1.0,2.0,,,,,,,,,,4.0,,,2.0,,2.0,5.0,1.0,,,,5.0,,1.0,2.0,,1.0,,,,3.0,1.0,5.0,,,,,,1.0,,2.0,,4.0,2.0,5.0,,,3.0,1.0,4.0,,,4.0,,,,1.0,,,1.0,,,2.0,5.0,zXJilaBN28oUdX7Owf0fRA,,5.0,5.0,,2.0,,3.0,2.0,,,,,,,3.0,,2.0,,,,1.0,,,,3.0,1.0,,,,,,,2.0,2.0,,,,,,,1.0,,,,,,,,,1.0,,5.0,,,,,3.0,2.0,,,,,,1.0,,1.0,,,2.0,,,1.0,2.0,,,3.0,2.0,,1.0,,,1.0,2.0,5.0,,,,1.0,2.0,,,,,,3.0,,,2.0,1.0,4.0
,,,,,,,,,,,,,,1.0,,,,1.0,,,,,,,3.0,,,,,,,1.0,,,,,,,,,,,,,2.0,,,,,,,1.0,,,,,,,,,,,,,,,,MEI_SAILs3-ihABduBAqwA,,,1.0,,,,,,,,,,,,,,,,,,1.0,,,,,,,,,,,,,,,,,,,,,,,,,,,,,1.0,,,,,,,,,,,,,,,,,,,,,,1.0,,,,1.0,,,,,,,,,1.0,,,,,,,,,,,,,,,
,,,,,,,,,,,,,,,,,,,,,,,,,,,,,1.0,,,,,,2.0,,,,,,,,,,,,,,,,,,,,,,,,,,,,,,,,,9QC05SnDVS0o81pxg6-iIw,,,,,,,,,,,,,,,,,,,,,,,,,,,,,,,,,,,,,,,,,,,,,,,,,,,,,,,,,,,,,,,,,,,,,,,,,,,,,,,,,,,,,,,,,,,,,,,,,,,,
,,9.0,15.0,4.0,,,,,5.0,,7.0,3.0,6.0,12.0,,4.0,7.0,12.0,4.0,11.0,4.0,,,,5.0,,13.0,,6.0,1.0,,14.0,,20.0,,13.0,3.0,,9.0,,,12.0,2.0,5.0,5.0,,16.0,1.0,13.0,,5.0,10.0,15.0,1.0,,,12.0,8.0,,1.0,,,8.0,8.0,2.0,5.0,11.0,p3xAyO2DEbiC5c3dW1e20A,8.0,10.0,17.0,1.0,8.0,,5.0,4.0,,11.0,8.0,,1.0,,12.0,1.0,15.0,,,,9.0,,,,12.0,1.0,1.0,,,,12.0,,11.0,2.0,,,,11.0,,9.0,5.0,,6.0,,,,6.0,,13.0,16.0,2.0,11.0,1.0,,,8.0,6.0,,,,,12.0,,11.0,,,,,25.0,,,7.0,17.0,,,7.0,2.0,13.0,2.0,1.0,1.0,,14.0,7.0,2.0,,,6.0,17.0,,,1.0,11.0,8.0,4.0,,,10.0,,6.0
,,,,,,,,,,,,,,,,,,,,,,1.0,,,,1.0,,,,,,,,,,,,,,,,,,,,,,,,,,,,,,,,,,,,,,,,,,YMcl9XKI8oGcT2T6gWRBRw,,,,,1.0,,,,,,,,,,,,,,,,,,,,,,,,,,,,,,,,,,,,,,,,,,,,,,,,,,,,,,,,,,,,,,,,,,,,,,,,,,,,,,,,,,,,,,,,,,,,,,,
2.0,,1.0,1.0,,,,,,,,2.0,,,1.0,,,1.0,,2.0,,,,,,1.0,,1.0,1.0,,,,,,,1.0,1.0,,,,,,1.0,,1.0,,,,,,,,,,,,1.0,,,,2.0,,,,,,,2.0,9QY2Yr1Jp5IE5G5pgJZBXA,,,,1.0,,,,1.0,,,1.0,,,,,,1.0,,,,,,,,,,,,,,,,,,,,,2.0,,,,,1.0,,,,,,,,,1.0,,,,,,,,,,,,,,,,,3.0,,,3.0,,,,,,2.0,1.0,,,,,,,1.0,,1.0,1.0,,1.0,,,,,,,1.0,,
1.0,,7.0,4.0,1.0,,1.0,,2.0,12.0,3.0,9.0,9.0,16.0,6.0,9.0,15.0,9.0,8.0,1.0,5.0,17.0,1.0,1.0,13.0,13.0,1.0,15.0,,3.0,2.0,1.0,13.0,4.0,16.0,,10.0,9.0,,6.0,4.0,1.0,9.0,14.0,9.0,10.0,1.0,7.0,3.0,14.0,12.0,5.0,8.0,11.0,,,,12.0,11.0,1.0,,,,4.0,17.0,14.0,4.0,8.0,1CP8aJa8ILlfM5deroar0Q,9.0,9.0,5.0,1.0,11.0,13.0,5.0,2.0,,12.0,12.0,4.0,,,9.0,7.0,4.0,11.0,11.0,,8.0,1.0,,3.0,7.0,,,,17.0,,11.0,1.0,16.0,2.0,14.0,5.0,,17.0,,6.0,9.0,,10.0,,1.0,,18.0,2.0,6.0,8.0,9.0,16.0,,1.0,,7.0,3.0,,,,,13.0,,13.0,,,1.0,,11.0,10.0,,6.0,6.0,,,6.0,,3.0,1.0,13.0,8.0,,8.0,11.0,17.0,,,14.0,4.0,7.0,,2.0,2.0,17.0,1.0,1.0,7.0,19.0,,3.0
,,,,,,,,,,,,,,,,,,,,,,,,,,,1.0,,,,,,,1.0,,,,,,,,,,,,,,,,,,,,,,,,,,,,,,,,,,ajklCjo-s4siRFXKS3W5Nw,,,,,,,,,,,,,,,,,,,,,1.0,,,,,,,,,,,,,,,,,,,,,,,,,,,,,,,,,,,,,,,,,,,,,,,,,,,1.0,,,,,,,,,,,,,,,,,,,,,1.0,1.0,,,,,,
,,,,,,,1.0,,,,1.0,,,,,,1.0,1.0,,1.0,,,,,,,1.0,1.0,,,,,,,,,,,,,,2.0,,1.0,,,,,,,1.0,,,,,2.0,,,,,,,,,,,,SuevTSNTjwKtWi_Rhgo_sg,,,2.0,1.0,,,,1.0,,,,,,,,,,,,,1.0,,,,,,,,,,,,,,,,,,,1.0,,,,,,,,,1.0,,,1.0,,,,1.0,,,,,,1.0,,,,,,,1.0,,,,,,,2.0,,,1.0,1.0,,,,,,,,,,,,,,,,,,2.0,,
,,,,,,,,,,,,,1.0,,,,,,,1.0,,,,,,,,,,,,,,,,,,,,,,,,,,,,,,,,,,,,,,,,,,,,,,,,pkv-CfsqRITnOVq6SiIySg,,,,,,,,,,,,,,,,,,,,,,,,,,,,,,,,,,,,,,,,,,,,,,,,,,,,,,,,,,,,,,,,,,,,,,,,,,,,,,,,,,,,,,,,,,,,,,,1.0,,,,,
,,,,,,,,,,,,,,,,,,,,1.0,,,,,,,,,,1.0,,,,,2.0,,,,,,,,,1.0,,,,,,,,,,,,,,,1.0,,,,,,,1.0,1.0,vfaHDdqW71OUCD3aBj7euA,,,,,1.0,,,,,,,,,,,,,,,,,,,,,,,,,,,,,,,,,,,,,,,,1.0,,,,,,,,,,,,,1.0,,,,1.0,,,,,,,,,,,,,,,,,,,,,,,,,,,1.0,,,,,,1.0,,,1.0,,
,1.0,,,,1.0,,,,1.0,,,,,2.0,,,,,1.0,,,,,,,,,,1.0,,,,,1.0,1.0,,1.0,,,,,,,,,,,3.0,,,,1.0,,,1.0,,1.0,,,,,,,,,,,MSs0wl1az48XdhtuBEAp9w,,,1.0,4.0,,,,,1.0,1.0,,1.0,,,1.0,,1.0,1.0,,,,,,,,1.0,,,,,2.0,,,,,,,1.0,1.0,,,,1.0,,,,1.0,,,,,,,,,,,,,1.0,1.0,2.0,,,1.0,,,,,,,1.0,,,,,,1.0,,,,3.0,,,,,,,,,,,,2.0,1.0,,1.0,,,
,,,,,,,,,,,,,,,,,,,,,,,,,,,,,,,,,,,,,,,,,,,,,,,,,,,,,,,,,,,,,,,,,,,,hGF2t0zYuy--dbaaSsY4BQ,,,,,,,,,,,,,,,,,,,,,,,,,,,1.0,,,,,,,,,,,,,,,,,,,,,,,,,,,,,,,,,,,,,,,,,,,,,,,,,,,,,,,,,,,,,,,,,,,,,,,,,
,,10.0,6.0,,,,,,30.0,,25.0,13.0,29.0,8.0,,22.0,11.0,15.0,,13.0,25.0,,,4.0,21.0,,21.0,,7.0,,,32.0,,23.0,,27.0,5.0,,20.0,,,38.0,9.0,6.0,36.0,,27.0,4.0,22.0,,11.0,26.0,16.0,,,,28.0,10.0,,,,,7.0,21.0,2.0,20.0,16.0,YuhAHVsstmDENWuZM30tMA,13.0,23.0,12.0,,26.0,2.0,6.0,8.0,,41.0,29.0,1.0,,,10.0,,25.0,,1.0,,32.0,,,,14.0,1.0,,,16.0,,33.0,,38.0,,,,,22.0,,15.0,23.0,,28.0,,,,34.0,,28.0,26.0,12.0,20.0,,,,9.0,30.0,,,,,22.0,,25.0,,,,,16.0,,,14.0,9.0,,,21.0,,14.0,,20.0,11.0,1.0,7.0,15.0,12.0,,,20.0,15.0,4.0,,,19.0,20.0,1.0,,1.0,17.0,,9.0
1.0,,,,1.0,,,1.0,,2.0,1.0,1.0,,3.0,,1.0,3.0,,,1.0,,1.0,,1.0,1.0,5.0,,,1.0,,,,2.0,,,3.0,1.0,1.0,,,1.0,,,,3.0,,1.0,,,,,,2.0,1.0,1.0,,1.0,,,1.0,,,,,1.0,1.0,,1.0,5VcyHhgRbLpmPp6PHKKr8w,,1.0,,2.0,,,,,,,,1.0,1.0,,2.0,,,1.0,1.0,,,2.0,,1.0,1.0,2.0,,1.0,1.0,,1.0,,2.0,1.0,,2.0,1.0,1.0,,,1.0,,2.0,,,,3.0,1.0,2.0,,4.0,1.0,,,,1.0,3.0,,1.0,,,,,1.0,,,,,2.0,2.0,,1.0,,,,3.0,1.0,,1.0,2.0,2.0,2.0,,,,,,,1.0,,,2.0,,2.0,,,1.0,,,4.0
3.0,1.0,,,3.0,,,,1.0,,,,,,,,,,,,,,,1.0,,,2.0,,1.0,,3.0,,,,,,,,,,,,,,,,,,,,,,,,,,,,,,,1.0,,,,,,,3-PNVMyFBJEDAGghumsY5Q,,,,4.0,,,2.0,,1.0,,,,,,,,,,,,,,,,,3.0,,,,,,,,4.0,,,,,,1.0,,,,,,,,,,,,,,,,1.0,,,,,1.0,,,,1.0,,,,,,,,,,,,1.0,1.0,4.0,,,1.0,1.0,,,,1.0,1.0,,,,,,,,2.0,,,,
1.0,1.0,4.0,4.0,4.0,,,,,1.0,,,,1.0,,,,5.0,4.0,1.0,2.0,,1.0,2.0,,1.0,2.0,4.0,1.0,2.0,1.0,,2.0,,4.0,3.0,,,,3.0,,,,1.0,,,3.0,2.0,5.0,1.0,,,1.0,2.0,,,1.0,2.0,1.0,,1.0,,,1.0,1.0,,3.0,1.0,hMmmvyRtweNBSPMbMCpnow,1.0,3.0,,2.0,4.0,,2.0,3.0,1.0,1.0,,,,,,,,,,4.0,1.0,,,,1.0,1.0,,,,,1.0,,3.0,,,,,6.0,,3.0,,,,,,,1.0,,,1.0,,,,,,1.0,4.0,,,1.0,1.0,1.0,,2.0,,,,,4.0,,,4.0,3.0,,,3.0,1.0,,,,1.0,2.0,1.0,3.0,1.0,,,,2.0,,,,2.0,,1.0,1.0,,1.0,2.0,2.0
18.0,10.0,8.0,7.0,9.0,,,,,,,5.0,,1.0,5.0,2.0,1.0,14.0,11.0,12.0,9.0,,,6.0,1.0,7.0,,14.0,13.0,13.0,14.0,2.0,,,,33.0,20.0,,,17.0,,,17.0,1.0,12.0,2.0,,2.0,,,,7.0,,4.0,,3.0,7.0,,4.0,,2.0,1.0,,11.0,,,13.0,2.0,7UTQs_W0y79WwQeCK9sGdw,,1.0,16.0,12.0,13.0,,13.0,11.0,6.0,15.0,22.0,,,,12.0,,7.0,,,,25.0,,,,1.0,14.0,1.0,,1.0,,2.0,,3.0,9.0,,1.0,,3.0,,22.0,,,,,,,,,4.0,3.0,1.0,4.0,,,,4.0,,,1.0,,1.0,20.0,,1.0,1.0,,1.0,,16.0,,,2.0,19.0,,,9.0,9.0,10.0,11.0,,1.0,4.0,13.0,,,,,15.0,26.0,,1.0,,20.0,1.0,13.0,1.0,,3.0,1.0,1.0
2.0,1.0,1.0,3.0,,,,,1.0,1.0,,,,,1.0,,2.0,2.0,2.0,,,2.0,2.0,1.0,1.0,1.0,,4.0,,,1.0,,,,,,1.0,,,1.0,,1.0,,1.0,2.0,1.0,,,,1.0,,4.0,,,,,1.0,1.0,,,,,,,,1.0,2.0,2.0,8y44zqoSiw7JuAzeyGFh3Q,,1.0,1.0,1.0,4.0,,4.0,1.0,,3.0,,,,,1.0,,,,,,1.0,,,1.0,,,,,,,,,,,,,,,,1.0,,,2.0,,,,,,3.0,,,2.0,,,,1.0,,1.0,,,2.0,1.0,,1.0,2.0,,,,2.0,,,1.0,4.0,,,,,,1.0,1.0,,,2.0,1.0,,,,4.0,,,1.0,1.0,2.0,,2.0,1.0,,2.0,,
,,,,,,,,,,,,,,,,,,,,,,,1.0,,,,,,,,,,,,,1.0,,,,,,,,,,,,,,,,,,,,,,,,,,,,,,,,0hUDxENdhMVLbxQ-CQ2f-Q,,,,,,,,,,,,,,,,,,,,1.0,,,,,,,,,,,,,,,,,,,,,,,,,,,,,,,,,,,,,,,,,,,,,,,,,,,,,,,,,,,,,,,,,,,,,,,,,,,,,,,,
,,1.0,,1.0,,,,,,,,,,,,,,,,,,,,,,,,,1.0,1.0,,,,,,,,,,,,1.0,,2.0,,1.0,1.0,,,,1.0,,,,,,1.0,,,,,,,1.0,,,1.0,D6V3oN-VTo6DCAXBNozHjg,,,,,,,,1.0,,,,,,,,,1.0,,,,,,,,,,,,,,,,,,,,,2.0,,,,,,,,,,,1.0,,,1.0,,,,,,,,,,1.0,,1.0,,,,,,,,,,,,,1.0,,,,,,,,,,,,,,,,,,,,,,,
,,,,,,,,1.0,,,,,,,,,,,,,,,1.0,,,,,,,,,,,,,,,,,,,1.0,,,,,,,,,,,,,1.0,,,,,,,,,,,,,_EeVQEaGXbfx1PM7ufGy4g,,,,,1.0,,1.0,,,,,,,,,,1.0,,,,,,,,,1.0,,,,,,,,,,,,,,,,,,,,,,,,,,,,,,1.0,,,,1.0,,,,,,,,,,,,,,,,,,,,,,,,,,,,,,,,,1.0,,,1.0,,,,
,,1.0,1.0,,,1.0,,,,,,,,,,,,,,,,,,,,,,,2.0,,,,,,,,,,,,,,,,,,,,,,1.0,,,,,1.0,,1.0,,,,,1.0,,,,,6w2xJV48kqn8Dd9W82Q76w,,,,,1.0,,,,,,,,,,,,,,,,,,,,,,,,,,,1.0,1.0,,,,,,,1.0,,,,,,,,,,,,,1.0,,1.0,,,,,,,,,,,,,,,,,,,,,,,1.0,,,,,,1.0,,,,,,,,,2.0,,,,,1.0,,
1.0,,,2.0,,,,,,,,,,,4.0,,,1.0,,,3.0,,,,,6.0,,,2.0,1.0,,,,,1.0,,1.0,,,2.0,,,,,1.0,,,4.0,2.0,,,2.0,5.0,1.0,,,,2.0,,,,,,2.0,,,,,JJi7c7uiTzCqeWNTsldgXQ,,,1.0,1.0,1.0,,1.0,1.0,1.0,,1.0,,,,3.0,,,,,,1.0,,,,2.0,,,,,,1.0,,,,,,,1.0,,,,,,,,,,,,1.0,,,,,,,1.0,,,,,,,,,,,,,,,,,,,3.0,,1.0,,,,,4.0,1.0,,,,,1.0,,,,2.0,,,,,2.0,,2.0
1.0,2.0,4.0,3.0,,,,,,1.0,,,,1.0,,,,2.0,2.0,3.0,2.0,,,,,4.0,,,2.0,,,,,,,3.0,2.0,,,,,,1.0,,,,1.0,4.0,6.0,2.0,,1.0,4.0,1.0,,,,1.0,,,,,,1.0,,,1.0,4.0,OISg1vUo1jVhUWZB3gv8oQ,,3.0,3.0,,,,4.0,2.0,,1.0,,,,,,,,,,,,,,,5.0,,,,,,1.0,,3.0,,,,,3.0,,,,,1.0,,,,2.0,,,,,,,,,1.0,1.0,1.0,,,,,1.0,1.0,,,,,,,,3.0,,,,3.0,,,1.0,,,,3.0,,,1.0,,,,,,,1.0,1.0,1.0,,,1.0,,2.0
2.0,,,,,,,,,2.0,,2.0,,,3.0,,,2.0,,,3.0,2.0,,,,3.0,,,,1.0,,,2.0,,1.0,1.0,1.0,,,1.0,,,,,,2.0,4.0,6.0,2.0,1.0,,,8.0,6.0,,,1.0,1.0,2.0,,,,,3.0,,,,1.0,-iQdfdTpXa3Y-WC5OJGTfw,,2.0,2.0,,1.0,,1.0,2.0,,,,,,,,,1.0,,,,3.0,,,,6.0,,,,,,8.0,,4.0,,,,,1.0,,1.0,,,,,,,,,2.0,,,1.0,,,,,1.0,7.0,,,,,,1.0,,,,,1.0,,,1.0,1.0,,,5.0,,2.0,1.0,,1.0,,3.0,1.0,,2.0,,,,,,,3.0,,4.0,,,1.0,2.0,2.0
,,2.0,,,,,,,,,,,,,,,,,,,,,,,,,,,,,,,,,,,,,,,,,,,,,,,,,,,,,,,,,,,,,,,,1.0,1.0,1ibcr-sgeUXJNAE51Czjpw,,,,,1.0,,,,,,,,,,,,,,,,,,,,,,,,,,1.0,,,,,,,1.0,,,,,1.0,,,,1.0,,,,,,,,,,,,,,,,,1.0,,,,,,,,,,,,,,,,,,,,,,,,,,,,,,,,,,,,1.0
,,,,,,,,,,,,,,1.0,,,1.0,,,,,,,,,,,,,,,,,1.0,,,,,,,,,,,,,,,,,1.0,1.0,,,,2.0,,1.0,,,,,,,,,,jc7QxDPYsZLKqnvIwV7inQ,,,1.0,,1.0,,,1.0,,,,,,,1.0,,,,,,,,,,,,,,,,,,,,,,,,,,,,,,,,,,,,,,,,,,,,,,,,,,,,,,,,,,1.0,,,1.0,,,,,,,1.0,,,,,,,,,,,,1.0,1.0,,1.0,,
,,,,,,,,,,,,,,,,,,,,,,,,,,,,,,,,,,,,,,,,,,,,,,,,,,,,,,,,,,,,,,,,,,,,eP35p3AW0a1XP4a_WwWMfA,1.0,,,,,,,,,,,,,,,,,,,,,,,,,,,,,,,,,,,,,,,,,,,,,,,,,,,,,,,,,,,,,,,,,,,,,,,,,,,,1.0,,,,,,,,1.0,,,,,1.0,,,,,,,,,,
,1.0,,1.0,,,,,,,,,,,,,,,,,,,,,,,,,,,,,,,,,,,,,,,,,,,,,,,,,,,,,,1.0,,,,,,,,,,,yktoomuBOxto-vMdaDWa_Q,,,,,,,1.0,,,,,,,,,,,,,,,,,,,,,,,,,,,,,,,,,,,,,,,,,,,1.0,,,,,,,,,,,,,,,,,,,,,,,,,,,,,,,,,,,,,,,,,,,,,1.0,,,2.0,,
1.0,,,,,,,,,1.0,,,,,,,,1.0,1.0,,,,,,,,,,,,1.0,,,,1.0,,1.0,,,1.0,,,,,,,,1.0,2.0,,,1.0,,1.0,,,,,,,,,,1.0,,,,,rgp4PXmHICjx4i8S75jqUg,1.0,1.0,,,,,,1.0,,,1.0,,,1.0,1.0,,,,,,,,,1.0,2.0,,,,,,,,1.0,,,,,,,,2.0,,1.0,,,,1.0,,,1.0,,1.0,,,,,,,,1.0,,,,,,,,,,,,,,,,,,,,,,,,,,,,,,1.0,,,,,,2.0,,,,
,1.0,,,,,,,,,1.0,2.0,,,,,1.0,,,,1.0,1.0,,,,3.0,2.0,,,,,,,,,1.0,3.0,,,,,1.0,1.0,,,,,1.0,,,,1.0,,,,,,1.0,,,,,,1.0,1.0,,,,F-lj8hTJW9bTEvPeIBp5OQ,,,1.0,,,,,1.0,2.0,,,,,,,,,,,1.0,1.0,1.0,,,,,,,,,1.0,,,1.0,,,,,,,,,,,,,1.0,1.0,,2.0,1.0,,,,,,,,,,2.0,,,,,,,,,,,,,,,,,,,,,3.0,,,,,,1.0,,,,,1.0,,3.0,,,,,
,,1.0,4.0,,,,,,,,,,,9.0,,,3.0,3.0,4.0,8.0,,,,,4.0,,3.0,3.0,2.0,1.0,,1.0,,2.0,5.0,6.0,,,2.0,,,1.0,,2.0,2.0,3.0,8.0,5.0,3.0,,,6.0,5.0,,,2.0,,1.0,,,,,1.0,,,1.0,3.0,PQ6pDjHP0P28D3CY5UNxDA,,7.0,5.0,,2.0,,3.0,5.0,,2.0,3.0,,,1.0,4.0,,,,,,3.0,,,,2.0,1.0,,,,,1.0,,1.0,1.0,,,,2.0,,4.0,,,,,,,,,,,1.0,9.0,,,,,1.0,1.0,,,,2.0,,,,,,,2.0,,,,5.0,,,4.0,2.0,2.0,2.0,,,,6.0,1.0,,,,,,,,,7.0,2.0,3.0,,,,,6.0
,,,,,,,,,,,,,,,,,,,,,,,1.0,,,,,,,,,,,,,,,,,,,,,,,,,,,,,,,,,,,,,,,,,,,,,1__Ho-KbFfkRHqF_vHBdZQ,,,,,,,,,,,,,,,,,,,,,,,,,,,,,,,,,,,,,,,,,,,,,,,,,,,,,,,,,,,,,,,,,,,,,,,,,,,,,,,,,,,,,,,,,,,,,,,,,,,,
,,,,,,,,,,,2.0,,,,,,,,,1.0,,,,,,,1.0,,1.0,,,,,,,,,,3.0,,,,,,,,,,,,1.0,,,,,,,,,,,,1.0,,,1.0,,1xJnn0Gn_TTSh9VeUjyaZw,,,1.0,,,,,,,,1.0,,,,,,,,,,1.0,,,,,,,,,,,,,,,,,,,,,,,,,,,,,,,1.0,,,,,,,,,,1.0,,,,,,,,,,,1.0,,,,,,,,,,1.0,1.0,,,,1.0,2.0,,,,,,,,,1.0,,
,,1.0,2.0,,,,,,,,1.0,,2.0,,,,1.0,,,,,,,,1.0,,1.0,,2.0,,,4.0,,,,1.0,,,2.0,,,1.0,,,,,2.0,,,,,,1.0,,,,1.0,,,,,,1.0,,,2.0,,okSpbU86tbKULQtz3vT-Bw,,,,,,1.0,1.0,,,,,,,,,,2.0,,,,,,,,,,,,,,,,,,,,,2.0,,1.0,,,1.0,,,,2.0,,,,,,,,,2.0,,,,,,,,,,,,,2.0,,,1.0,,,,,,,,2.0,,,1.0,1.0,1.0,,,1.0,3.0,,,,1.0,,,,1.0,1.0,,
2.0,,4.0,5.0,2.0,,,,1.0,,,2.0,,,2.0,,,3.0,4.0,2.0,11.0,,,,,5.0,,,4.0,1.0,2.0,,,,,1.0,1.0,,,4.0,,,1.0,,1.0,1.0,,6.0,,1.0,,1.0,9.0,6.0,,,,1.0,3.0,,,,,3.0,,,2.0,2.0,zWOFKsBDFTYfU4Mp6lONTA,,,8.0,3.0,,,2.0,6.0,,2.0,1.0,,,,2.0,,,,,,3.0,,,,,6.0,,,,,2.0,,4.0,5.0,,,,3.0,1.0,,,,,,,,,,1.0,,1.0,5.0,,,,3.0,,,,,,1.0,,2.0,1.0,,,,2.0,,,2.0,3.0,,,4.0,5.0,,4.0,,,,3.0,,,,,1.0,4.0,,,,,1.0,3.0,,,2.0,,
,,,,,,,,,,,,,,,,,,,,,,,,,,,,,,,,,,,,,,,,,,,,,,,,,,,,,,,,,,1.0,,,,,,,,,,BX5BshVo24zDDQXHRdntDA,,,,,,,,,,,1.0,,,,,,,,,,,,,,,,,,,,,,,,,,,,,,,,,,,,,,,,,,,,,,,,,,,,,,,,,,,,,,,,,1.0,,,,,,,,,,,,,,,,,,,,1.0,,,,
,,1.0,,,,,,,,,,,,,,,,,,1.0,,,,,1.0,,,,,,,,,,,,,,,,,,,,,,1.0,,,,,2.0,,,,,,,,,,,1.0,,,,,9431fFzAPl-NqHentYhI8A,,,,,,,,,,,,,,,1.0,,,,,,,,,,,,,,,,,,,,,,,,,,1.0,,1.0,,,,,,,,,,,,,,,,,,,,,1.0,,,,,,,,2.0,,,,,,,,,,,,,,,,,,,,,,,1.0,,,,,
,,3.0,,1.0,,,,,16.0,,8.0,8.0,13.0,5.0,5.0,7.0,,6.0,,9.0,37.0,,,,2.0,,4.0,2.0,1.0,,,15.0,2.0,17.0,3.0,14.0,8.0,,2.0,5.0,,2.0,4.0,1.0,20.0,4.0,35.0,3.0,42.0,1.0,9.0,26.0,8.0,,,,30.0,3.0,2.0,,,,4.0,3.0,,1.0,23.0,m6PIHmB4lWKmZz4oMGV_uw,41.0,8.0,21.0,,4.0,2.0,,3.0,,2.0,,,,,1.0,,1.0,,1.0,,2.0,,,,22.0,1.0,,,10.0,,14.0,,32.0,1.0,2.0,,,13.0,,2.0,4.0,,10.0,,,,5.0,,6.0,32.0,9.0,7.0,,,,,23.0,,,,,3.0,,7.0,,,,,15.0,,,16.0,1.0,,,6.0,,2.0,1.0,2.0,8.0,,5.0,42.0,10.0,,,3.0,25.0,,,6.0,2.0,5.0,4.0,,2.0,10.0,,3.0
,,,,,,,,,,,,,,,,,,,,,,,,,,,,,,,,,,,,,,,,,,1.0,,,,,,,,,,,,,,,,,,,,,,,,,,iRbtC4gQaxU4d17AW31OtA,,,,,,,,,,,,,,,,,,,,,1.0,,,,,,,,,,,,,,,,,,,,,,,,,,1.0,,,,,,,,,,,,,,,,,,,,,,,,,,,,,,,,,,,,,,,,,,,,,,,,,,,,,
,,,,,,,,,,,,,,,,,,1.0,,,,,,,,,,,,,,,,,2.0,,,,,,,1.0,,,,,,,,,,,1.0,,,2.0,,,,,,,,,,,,VathuySAr0rR1eCT3k0M7w,,,,,,,,,,,,,,,,,,,,,,,,,,,,,,,,,,,,,,,,,,,,,,,,,,,,1.0,,,,,,,,,,1.0,,,,,,,,,,,,,,1.0,,1.0,,,,,,1.0,,,,2.0,,,,,1.0,,,,,,,
,,,,,,,,,,,,,,,,,,,,,,,,,,,,,,,,,,,,,,,,,,,,,,,,,,,,,,,,,,,,,,,,,,,,Z8QkkTcUt6C4SRS87N83vw,,,,,,,,,,,,,,,,,,,,,,,,,,,,,,,,,2.0,,,,,,,,,,1.0,,,,,,,,,,,,,,,,,,,,,,,,,,,,,,,,,,,,,,,,,,,,,,,,,,,,,,,,,
,,1.0,,,,,,,,,,,,,,,,,,1.0,,,,,,,1.0,,,,,,,,,,1.0,,,,,,,1.0,,,,,,,,,1.0,,,,,,,,,,,,,,,YM4lWKgC9bkxTY1kV7A4-g,,,,,,,,,,,,,,,,,1.0,1.0,,,,,,,,,,,,,,,,,,,,,,,,,,,,,,,,1.0,,,,,,,,,,,,,,,,,,,,,,,,,,1.0,,,,,,,1.0,,,,,,,,,,,,,,1.0,,,
,,,,,,,,,,,,,,,,,,,,,,,,,,,,1.0,,,,,,,,,,,,,,,,,,,,,,,,,,,,,,,,,,,,,,,,tiSn-OANuPMTyH4b_PZmEA,,,,,,,,,,,,,,,,,,,,,,,,,,,,,,,,,,,,,,,,,,,,,,,,,,,,,,,,,,,,,,,,,,,,,,,,,,,,,,,,,,,,,,,,,1.0,,,,,,,,,,,
,,,,1.0,,,,,,,,,,,,,,,,1.0,,,,,,,,,,,,,,,,,,,,,,,,,,,,,,,,1.0,,,,,1.0,1.0,,,,,,,,,,6yqLbes8POJ5-zBF6XKXqA,,,1.0,,,,,,,,,,,,,,,,,,,,,,,,,,,,,,,,,,,,,,,,,,,,,,,,,,,,,,,1.0,,,,,,,,,,,,,,,,,1.0,,,,,,,,,,,,,,,,,1.0,,,,,,,,
,,,,,,,,,,,,,,,,,,,,,,,,,,,,,,,,,,,,,,,,,,,,,,,,,,,,,,,,,,,,,,,,1.0,,,,GtrKMt4SFqh7eBl2CKeOIQ,,,,,,,,,,,,,,,,,,,,,,,,,,,,,,,,,,,,,,,,,,,,,,,,,,,,,,,,,,,,,,,,,,,,,,,,,,,,,,,,,,,,,,,,,,,,,,,,,,,,
,,2.0,3.0,3.0,,,,,,,2.0,1.0,2.0,4.0,,2.0,5.0,2.0,2.0,7.0,1.0,,,,5.0,,1.0,,3.0,2.0,,5.0,,5.0,1.0,8.0,1.0,,,,,3.0,,1.0,4.0,,6.0,,1.0,,4.0,5.0,5.0,,,,1.0,3.0,,,,,1.0,2.0,,2.0,1.0,IWoDZzFQQkjH_JNS81050Q,2.0,4.0,4.0,1.0,2.0,,4.0,4.0,,2.0,4.0,,,,1.0,,9.0,,,,3.0,,,,9.0,1.0,,,,,1.0,,5.0,5.0,,,,2.0,,2.0,1.0,,1.0,,,,5.0,,4.0,6.0,,1.0,,,,2.0,8.0,,,,,3.0,,3.0,,,,,8.0,,,2.0,,,,3.0,2.0,2.0,4.0,,1.0,,2.0,3.0,,,,2.0,9.0,,,,6.0,2.0,2.0,,,2.0,1.0,2.0
1.0,,1.0,2.0,,,,,,,,,,,3.0,,,1.0,1.0,,2.0,,,,,1.0,,,,,,,2.0,,1.0,,,,,2.0,,,,,,1.0,,,1.0,2.0,,,,,,,,,,,,,,,,,1.0,,RIIOjIdlzRyESw1BkmQHtw,,1.0,4.0,,,,,,,,,,,,2.0,,,,,,,,,,,,,,,,1.0,1.0,,,,,,2.0,,3.0,1.0,,1.0,,,,1.0,,,,1.0,1.0,,,,,1.0,1.0,,1.0,,,,1.0,,,,,,,,1.0,2.0,,,2.0,,1.0,,,,,1.0,,,,,,,,,,1.0,,,,,2.0,1.0,
1.0,,1.0,2.0,,,1.0,,,2.0,,,1.0,1.0,3.0,2.0,5.0,4.0,4.0,,2.0,7.0,,,1.0,4.0,1.0,1.0,,,1.0,,10.0,,1.0,,,6.0,,4.0,,,,1.0,,17.0,6.0,6.0,1.0,,,2.0,8.0,4.0,,,,,,,,,,4.0,1.0,,,5.0,wc2u2JM4Fx2smNwuIYxDzg,15.0,3.0,2.0,1.0,1.0,2.0,1.0,,,,,,,,4.0,,,,,1.0,2.0,,,,1.0,1.0,,,1.0,,9.0,,12.0,1.0,1.0,,,,,,1.0,,5.0,,,,,,,,2.0,2.0,,,,,1.0,7.0,,1.0,,,,1.0,,,,,1.0,,,2.0,5.0,,,3.0,2.0,1.0,1.0,,,,3.0,,12.0,,,,1.0,,,,1.0,3.0,,,,,3.0,
,,2.0,,,,,,,,,,,,,,,,,,1.0,,1.0,,,,,,,,,,,,,,,,,,,,,,,,,1.0,,,,,1.0,1.0,,,,,1.0,,,,1.0,,,,,,72tzPMUDpqOnmpQbOr4YDg,,,,,,,,,,,,,,,,,,,,,1.0,,,,,,,,,,,,2.0,,,,,2.0,,1.0,,,1.0,,,,,,,,,3.0,,,,,1.0,,,,,,,,,,,,1.0,,,1.0,,,,,,,,,,,1.0,,,1.0,,,,,,,,,1.0,,,,,
,,,,,,,,,,,,,,,,,,,,,,,,,,,,,,,,,,,,,,,,,,,,,,,,,,,,,,,,,,,,,,,,,,,,RI3tqwrTGD0mBFt9Ih_mNg,,,,,,,,,,,,,,,,,,,,,,,,,,,,,,,,,,,,,,,,,,,,,,,,,,,,,,,,,,,,,,,,,,,,,1.0,,,,,,,,,,,,,,,,,,,,,,,,,,,,,,,1.0
,,1.0,,,,,,,,,,,,,,,,,,,,,,,,,,,,1.0,,,,2.0,,,,,,,,,,1.0,1.0,,,,,,,1.0,,,,,,,,,,,,,,,,OZdyrjtRDat_RL3n5ku3pQ,,,,,,,1.0,,,,,,,,,,,,,,,,,,,,,,,,,,,,,,,,,,,,,,,,,,,1.0,,,,,,,2.0,,,,,,,,,,,,,,,,,,,,,,,,,,,,,,,,4.0,,,,,,,,,,,
,,1.0,,,,,,,,,,,,1.0,,,,1.0,,1.0,,,,,,,,,,,,,,1.0,,,,,,,,,,,,,,,,,,1.0,,,,,,,,,,,,,,,,mcepYgJZNdGMboVhtuomXw,,,1.0,,,,,,,,,,,,,,,,,,,,,,,,,,,,,,2.0,,,,,,,,1.0,,,,,,,,,1.0,,,,,,,,,,,,,,,,,,,,,,,,,,,,,,,,,,1.0,,,,,,,,,1.0,,,,,,,
,,,,,,,,,,,,,,,,,,,,,,,,,,,,,,,,,,,,,,,,,,,,,,,,,,,,,,,,,,,,,1.0,,,,,,,X1YizhoJ_V6bOxTS2qkdIw,,,,,,,,,,,,,,,,,,,,,,,,,,,,,,,,,,,,,,,,,,,,,,,,,,,,,,,,,,,,,,,,,,,,,,,,,,,,,,,,,,,,,,,1.0,,,,,,,,,,,,,1.0
,,1.0,1.0,,,,,,1.0,2.0,,,1.0,1.0,,2.0,,1.0,,2.0,2.0,,,2.0,,,,,2.0,,2.0,1.0,,,,1.0,1.0,1.0,,1.0,2.0,,,,3.0,,1.0,1.0,1.0,,,2.0,,,,,1.0,1.0,,,,,,2.0,,,,9a7CqyQuGr_nKAFF2DKEbQ,2.0,1.0,1.0,,1.0,1.0,,,,,,2.0,1.0,1.0,,1.0,,1.0,,,,,,1.0,,,2.0,,1.0,,,,2.0,,1.0,,1.0,,,,2.0,1.0,2.0,,,,,,,,1.0,1.0,,,,,,,,,,2.0,,1.0,,,,,2.0,2.0,,1.0,,,,,,,,,1.0,,,2.0,1.0,,,,1.0,,,,2.0,,,,,2.0,,
,,,1.0,,,,,,,,,,1.0,,,,,1.0,1.0,,,,,,,,,,1.0,,,,,,,1.0,,,,,,,,2.0,,,,,,,,,,,,,,1.0,,,,,,,,,1.0,U4CAv_oh0mgXnmpNd-2i8g,,,1.0,,,,1.0,,,1.0,1.0,,,,1.0,,,,,,,,,,,,,,,,,,,1.0,,,,,,,,,,,,,,,,,,,,,,,,,,,,,,,,,,,,,,,,,,,,,,,,,1.0,,,,,,,,,,,,,,,1.0,,
,,,,,,,,,,,,,,,,,,,,,,,,,,,,,1.0,,,,,,,,,,,,,,,,,,,,,,,,,,,,,,,,,,,,,,1.0,Yc-QA8PfuY0Semey7BCp9A,,,,,,,,,,1.0,,,,,,,,1.0,,,,,,,,,,,,,,,,,,1.0,,,,,,,,,,,1.0,,,,,,,,,,,,,,,,,,,,,,,,,1.0,,,,,,,,,,,1.0,,,,,,,,,,,,,,,,,
,2.0,,,,,,,,,,,,,,,,1.0,,1.0,,,,1.0,,,,1.0,,,,,,,,1.0,,,,,,,,,,,,1.0,,,,,,,,,,,,,,,,1.0,,,,,Jn2TpzqoCbCHfwfoA8Sjsw,,,,,,,,,,1.0,,,,,,,,,,,,,,,,,,,,,,,,,,,,,,,,,,,,,,,,,,,,,,,,,,,,2.0,,,,,,,,,,,,,,,,,1.0,,,,,,,,1.0,,,,,,,,,1.0,,,1.0,1.0
1.0,1.0,,1.0,,,,,,,,,,2.0,1.0,,1.0,,,1.0,1.0,1.0,,,1.0,1.0,,2.0,3.0,,1.0,,1.0,,1.0,,3.0,,,,,,,,,5.0,,,2.0,1.0,,2.0,1.0,,,,,,3.0,,2.0,,,,1.0,1.0,1.0,,INvlcoiBVyxS5DEQepyGDw,,2.0,,1.0,1.0,,2.0,,3.0,,2.0,,,,,,,,,,,,,,1.0,5.0,,,,,2.0,,2.0,2.0,,,,1.0,,,,1.0,1.0,,,1.0,,,,,,,,,,,,1.0,,,1.0,1.0,,1.0,,,,2.0,,,,,,,,,2.0,,1.0,1.0,,5.0,1.0,1.0,1.0,,,1.0,2.0,,,,1.0,,,,,1.0,1.0,
2.0,1.0,2.0,2.0,2.0,,,,,,,1.0,,,,,,,1.0,,,,,,,,,,,,1.0,,,,5.0,1.0,,,,,,,,,,,,,2.0,,,1.0,1.0,2.0,,,1.0,1.0,,,,,,,,,,,GY9sRgKFVJVxKsKpnyZ_yA,,,2.0,1.0,1.0,,,,,,,,,,,,,,,,1.0,,,,1.0,3.0,,,,,,,,,,,,,,,,,,,,,,,,1.0,,,,,,1.0,2.0,,,1.0,2.0,1.0,,,,,,,,,,,1.0,,,1.0,,1.0,1.0,,,,,1.0,,,1.0,,2.0,,,,,,1.0,1.0,,,,1.0
1.0,,1.0,,4.0,,,,,,,2.0,,,,,,,1.0,3.0,,,,3.0,,1.0,,1.0,1.0,2.0,1.0,,,,1.0,5.0,3.0,,,,,,1.0,,,,3.0,1.0,2.0,,,,,3.0,,,2.0,,,,3.0,,,,,,2.0,,OFnif1n1Za196N1qyx25wQ,,,,1.0,1.0,,3.0,2.0,1.0,3.0,,,,,,,1.0,,,1.0,1.0,,1.0,,,2.0,,,,,,1.0,,,,,,,,2.0,,,,,,,,1.0,,3.0,,,,,,2.0,4.0,,,2.0,,4.0,,1.0,,,,,2.0,,,1.0,,,,3.0,,,3.0,,,1.0,,1.0,,1.0,1.0,,2.0,,,,,,5.0,1.0,,,,2.0
,,,,,,,,,,,,,,,,,,,,,,,,,,,1.0,,,,,,,,,,,,,,,,,,,,,,,,,,,,,,,,,,,,,,,,,YzLcxkQC33HdOEw5XKYjLA,,,,,,,,,,1.0,,,,,,,,,,,,,,,,,,,,,,,,,,,,,,,,,,,,,,,,,,,,,,,,,,,,,,,,,,,,,,,,,,,,,,,,,,,,,,,,,,,,,,,,,,
,,,,1.0,,,,,,,,,,,,,,,,,,2.0,,,,,,,,,,,,,,1.0,,,,,1.0,,,2.0,,,,,,,,,,,,,,,,,,,,,,,,Q-3_XWvNOBlwt1QTrI9A6g,,,,,,,,,,1.0,,,,,,,,,,,,,,,,,,,,,,,,,,,,,,1.0,,,,,,,,,,,,1.0,,,,2.0,,,,,,1.0,,,,,,,,,,,,,,,,,,,,1.0,,,,,,1.0,,,,,1.0,,1.0,,,,,
1.0,1.0,,1.0,,,,,,1.0,,,,,,,,,,1.0,,,,,,,,,,,,,,,,,,1.0,,,,,,,,,,,1.0,1.0,,,,,,,,,,,,,,,,,,,sZjNoWzFFUmyPwUaABkhKQ,,,1.0,,1.0,,,1.0,,,,,,,,,,,,,,,,,,,,,,,1.0,,,,,,,,,1.0,,,,,,,,,,,,1.0,,,,,,,,,,,,,,,,,,,,,,,,,,,,,,,,1.0,,,,,,,,,,,,,,1.0,,
,,1.0,,,,,,,1.0,,,,1.0,1.0,,,,,,,,,,,,,,,1.0,,1.0,,,,,1.0,2.0,,1.0,,,,,1.0,,2.0,,,,,,,1.0,,,,1.0,,,,,,,,,1.0,,n9NBty_KQ2tjGuqorIu63w,,,,,,1.0,,,,,,1.0,,,,,,2.0,,,1.0,,,,,,,,,1.0,,,,,,,,,,,,,,,1.0,,,,,1.0,,1.0,,,,,,,1.0,,,2.0,,,,,,,,,,1.0,,,,,1.0,,1.0,,,,,,,,,,2.0,,,,1.0,,,,,,,1.0
,,,,,,,,,,,,,,,,,,,,,,,,,,,,,,,,,,,,,,,,,,,,,,,,,,,,,,,,,,,,,,,,,,,,vJ1paJZvHol0MLmBvUzENA,,,,,,,,2.0,,,,,,,,,,,,,,,,,,,,,,,,,,,,,,,,,,,,,,,,,1.0,,,,,,,1.0,,,,,,,,,,,,,,,,,,,,,,,,,,,,,,,,,,,,,,,,,,,,
,,,,,,,,,,,,,,,,,1.0,1.0,,,,,,,,,,,,1.0,,,,,1.0,,,,,1.0,,,,,,,,,,,,,1.0,,2.0,,,,,,,,,,,,,eD6MH0tD1R3C1Qs1sH0wBg,,1.0,,,,,1.0,1.0,,,,,,2.0,,,1.0,,,,2.0,,,,,,,,,,,,1.0,,,,,1.0,,,,,,,,1.0,1.0,,,,,,,,,,,,,,,,,1.0,1.0,,,1.0,1.0,,2.0,1.0,,,1.0,1.0,,,,,,,,,,,,,,,,,,,,,,,1.0,
,,,,,,,,,,,,,,,,,,,,,,,,,,,,,,,,,,,,,,,,,,,,,,,,,,,,,,,,,,,,,,,,,,,,652JTEKBSq0MFXDiZk3DdA,,,,,,,,,,,,,,,1.0,,,,,,,,,,,,,,,,,,,,,,,,,,,,,,,,,,,,,,,,,,,,,,,,,,,,,,,,,,,,,,,,,,,,,,,,,,,,,,,,,,,,,
,,,1.0,,,,,,,,1.0,,1.0,1.0,,,1.0,,,,,,,,,,1.0,1.0,1.0,,,,,,,,,,,,,1.0,,,,1.0,1.0,,,,,1.0,3.0,,,,2.0,,,,,,,,,,,5z-kd3h50BnaE1Ee8GV5bg,,,,,1.0,,,,,,1.0,,,,,,,,,,1.0,,,,,,,,1.0,,1.0,,2.0,,,,,,,,,,1.0,,,,,,,1.0,,,,,,,,,,,,,,,,,,,,,,,1.0,,,,,1.0,,1.0,,,,1.0,,,,,,,,,,,,,,1.0,,
,,,2.0,,,,,1.0,,,,,,2.0,,,2.0,1.0,,1.0,,,,,2.0,,,,,,,,,4.0,,,,,,,,,,,,2.0,,,,,,2.0,1.0,,,,,,,,,,3.0,,,,1.0,udl3Dd4UrUEEAxhuDwnmdw,,2.0,6.0,,,,,,,,,,,,4.0,,,,,,,,,,,,,,,,,,,,,,,,,,,,,,,,,,,,,3.0,,,,,1.0,,,,,,,,,,,,3.0,,,,2.0,,,1.0,,,,,,,1.0,1.0,,,,1.0,1.0,,,,1.0,,,,,,,
,,3.0,,,,,,,,,,,,,,,1.0,2.0,,,,,,,,,,,,,,,,,,,,,,,,,,,,,,,,,,,1.0,,,,,,,,,,,,,,,_bGZIJ0Z4bhxgfjlUDzZfA,,,,,,,,,,,,,,,,,,,,,,,,,,,,,,,,,,,,,,1.0,,1.0,,,,,,,1.0,,,,,1.0,,,,,,1.0,,,,,,,,,,,,,,1.0,3.0,,,1.0,1.0,,,,,,,,,,,1.0,,,,,,,,,,,,
,,,1.0,,,,,,,,,,,,,,,,,,,,1.0,,,,,,,,,,,,,,,,,,,,,,,1.0,,,,,,,,,,1.0,,1.0,,1.0,,,,,,,1.0,3N7pvxYoWlMc9KCsCWV5nA,,,,,,,,,,,,,,,,,,,,,1.0,,1.0,,,,,,,,,,,,,,,1.0,,,,,,,,,,,,,,,,,,,,1.0,,,1.0,,1.0,,,,,,,,,,,,1.0,1.0,,1.0,,,,,,1.0,,,,,,,,,,,,,,,2.0,
